{
  "annotations": {
    "list": [
      {
        "builtIn": 1,
        "datasource": {
          "type": "datasource",
          "uid": "grafana"
        },
        "enable": true,
        "hide": true,
        "iconColor": "rgba(0, 211, 255, 1)",
        "name": "Annotations & Alerts",
        "target": {
          "limit": 100,
          "matchAny": false,
          "tags": [],
          "type": "dashboard"
        },
        "type": "dashboard"
      }
    ]
  },
  "editable": true,
  "fiscalYearStartMonth": 0,
  "graphTooltip": 0,
  "id": 3507,
  "links": [
    {
      "asDropdown": false,
      "icon": "external link",
      "includeVars": true,
      "keepTime": true,
      "tags": [
        "type=APM"
      ],
      "targetBlank": false,
      "title": "Dashboards",
      "tooltip": "",
      "type": "dashboards",
      "url": ""
    }
  ],
  "liveNow": false,
  "panels": [
    {
      "collapsed": false,
      "datasource": {
        "type": "prometheus",
        "uid": "k1DFTi3Gz"
      },
      "gridPos": {
        "h": 1,
        "w": 24,
        "x": 0,
        "y": 0
      },
      "id": 12,
      "panels": [
        {
          "datasource": {
            "type": "loki",
            "uid": "d10402dd-b0d7-43c3-817b-0835586f52ea"
          },
          "gridPos": {
            "h": 18,
            "w": 24,
            "x": 0,
            "y": 1
          },
          "id": 2,
          "links": [
            {
              "targetBlank": true,
              "title": "pod Metrics",
              "url": "https://iamgrafana.groww.in/d/iWcvUh7nz/compute-resources-pods?orgId=1&refresh=10s"
            }
          ],
          "options": {
            "dedupStrategy": "exact",
            "enableLogDetails": true,
            "prettifyLogMessage": true,
            "showCommonLabels": false,
            "showLabels": false,
            "showTime": false,
            "sortOrder": "Descending",
            "wrapLogMessage": true
          },
          "targets": [
            {
              "datasource": {
                "type": "loki",
                "uid": "d10402dd-b0d7-43c3-817b-0835586f52ea"
              },
              "expr": "{cluster=\"$cluster\", workload=~\"$workload\", pod=~\"$pods\", container=~\"$container\"}",
              "queryType": "range",
              "refId": "A"
            }
          ],
          "title": "Logs",
          "type": "logs"
        }
      ],
      "targets": [
        {
          "datasource": {
            "type": "prometheus",
            "uid": "k1DFTi3Gz"
          },
          "refId": "A"
        }
      ],
      "title": "Log Panel",
      "type": "row"
    },
    {
      "collapsed": true,
      "datasource": {
        "type": "prometheus",
        "uid": "k1DFTi3Gz"
      },
      "gridPos": {
        "h": 1,
        "w": 24,
        "x": 0,
        "y": 19
      },
      "id": 10,
      "panels": [
        {
          "datasource": {
            "type": "loki",
            "uid": "d10402dd-b0d7-43c3-817b-0835586f52ea"
          },
          "fieldConfig": {
            "defaults": {
              "color": {
                "fixedColor": "orange",
                "mode": "palette-classic"
              },
              "custom": {
                "axisBorderShow": false,
                "axisCenteredZero": false,
                "axisColorMode": "text",
                "axisLabel": "",
                "axisPlacement": "auto",
                "barAlignment": 0,
                "drawStyle": "line",
                "fillOpacity": 21,
                "gradientMode": "opacity",
                "hideFrom": {
                  "legend": false,
                  "tooltip": false,
                  "viz": false
                },
                "insertNulls": false,
                "lineInterpolation": "smooth",
                "lineWidth": 2,
                "pointSize": 5,
                "scaleDistribution": {
                  "type": "linear"
                },
                "showPoints": "never",
                "spanNulls": true,
                "stacking": {
                  "group": "A",
                  "mode": "none"
                },
                "thresholdsStyle": {
                  "mode": "off"
                }
              },
              "links": [
                {
                  "targetBlank": true,
                  "title": "Pod Metrics",
                  "url": "https://iamgrafana.groww.in/d/iWcvUh7nz/compute-resources-pods?orgId=1&refresh=10s"
                }
              ],
              "mappings": [],
              "thresholds": {
                "mode": "absolute",
                "steps": [
                  {
                    "color": "green"
                  },
                  {
                    "color": "red",
                    "value": 80
                  }
                ]
              },
              "unit": "short"
            },
            "overrides": []
          },
          "gridPos": {
            "h": 8,
            "w": 12,
            "x": 0,
            "y": 20
          },
          "id": 8,
          "options": {
            "legend": {
              "calcs": [],
              "displayMode": "list",
              "placement": "bottom",
              "showLegend": true
            },
            "tooltip": {
              "mode": "single",
              "sort": "none"
            }
          },
          "pluginVersion": "8.1.1",
          "targets": [
            {
              "datasource": {
                "type": "loki",
                "uid": "d10402dd-b0d7-43c3-817b-0835586f52ea"
              },
              "editorMode": "code",
              "expr": "sum(rate({cluster=\"$cluster\",workload=~\"$workload\",pod=~\"$pods\"} |~ \"(?i)exception\"[1m])) by (workload)",
              "queryType": "range",
              "refId": "A"
            }
          ],
          "title": "Rate of Exception Logs[1m]",
          "transparent": true,
          "type": "timeseries"
        },
        {
          "datasource": {
            "type": "loki",
            "uid": "d10402dd-b0d7-43c3-817b-0835586f52ea"
          },
          "fieldConfig": {
            "defaults": {
              "color": {
                "fixedColor": "red",
                "mode": "palette-classic",
                "seriesBy": "last"
              },
              "custom": {
                "axisBorderShow": false,
                "axisCenteredZero": false,
                "axisColorMode": "text",
                "axisLabel": "",
                "axisPlacement": "auto",
                "barAlignment": 0,
                "drawStyle": "line",
                "fillOpacity": 23,
                "gradientMode": "opacity",
                "hideFrom": {
                  "legend": false,
                  "tooltip": false,
                  "viz": false
                },
                "insertNulls": false,
                "lineInterpolation": "smooth",
                "lineWidth": 2,
                "pointSize": 5,
                "scaleDistribution": {
                  "type": "linear"
                },
                "showPoints": "auto",
                "spanNulls": false,
                "stacking": {
                  "group": "A",
                  "mode": "none"
                },
                "thresholdsStyle": {
                  "mode": "off"
                }
              },
              "links": [
                {
                  "targetBlank": true,
                  "title": "Pod Metrics",
                  "url": "https://iamgrafana.groww.in/d/iWcvUh7nz/compute-resources-pods?orgId=1&refresh=10s&var-datasource=Thanos-v2"
                }
              ],
              "mappings": [],
              "noValue": "No Error ",
              "thresholds": {
                "mode": "absolute",
                "steps": [
                  {
                    "color": "green"
                  },
                  {
                    "color": "red",
                    "value": 80
                  }
                ]
              }
            },
            "overrides": []
          },
          "gridPos": {
            "h": 8,
            "w": 12,
            "x": 12,
            "y": 20
          },
          "id": 6,
          "options": {
            "legend": {
              "calcs": [],
              "displayMode": "list",
              "placement": "bottom",
              "showLegend": true
            },
            "tooltip": {
              "mode": "single",
              "sort": "none"
            }
          },
          "targets": [
            {
              "datasource": {
                "type": "loki",
                "uid": "d10402dd-b0d7-43c3-817b-0835586f52ea"
              },
              "editorMode": "code",
              "expr": "sum(rate({cluster=\"$cluster\",workload=~\"$workload\",pod=~\"$pods\"} |~ \"(?i)error\"[1m])) by (workload)",
              "queryType": "range",
              "refId": "A"
            }
          ],
          "title": "Rate of Error logs[1m]",
          "transparent": true,
          "type": "timeseries"
        }
      ],
      "targets": [
        {
          "datasource": {
            "type": "prometheus",
            "uid": "k1DFTi3Gz"
          },
          "refId": "A"
        }
      ],
      "title": "Error and Exception Rate",
      "type": "row"
    },
    {
      "collapsed": true,
      "datasource": {
        "type": "prometheus",
        "uid": "k1DFTi3Gz"
      },
      "gridPos": {
        "h": 1,
        "w": 24,
        "x": 0,
        "y": 20
      },
      "id": 14,
      "panels": [
        {
          "datasource": {
            "type": "loki",
            "uid": "d10402dd-b0d7-43c3-817b-0835586f52ea"
          },
          "fieldConfig": {
            "defaults": {
              "color": {
                "mode": "palette-classic"
              },
              "mappings": [],
              "thresholds": {
                "mode": "absolute",
                "steps": [
                  {
                    "color": "green"
                  },
                  {
                    "color": "red",
                    "value": 80
                  }
                ]
              }
            },
            "overrides": []
          },
          "gridPos": {
            "h": 6,
            "w": 12,
            "x": 0,
            "y": 29
          },
          "id": 20,
          "options": {
            "minVizHeight": 75,
            "minVizWidth": 75,
            "orientation": "auto",
            "reduceOptions": {
              "calcs": [
                "lastNotNull"
              ],
              "fields": "",
              "values": false
            },
            "showThresholdLabels": false,
            "showThresholdMarkers": true
          },
          "pluginVersion": "10.2.1",
          "targets": [
            {
              "datasource": {
                "type": "loki",
                "uid": "d10402dd-b0d7-43c3-817b-0835586f52ea"
              },
              "editorMode": "code",
              "expr": "sum(bytes_over_time({cluster=~\"$cluster\",workload=~\"$workload\",pod=~\"$pods\",container=~\"$container\"} |~ \"(?i)$search\"  [$__range]))/1024/1024",
              "queryType": "range",
              "refId": "A"
            }
          ],
          "title": "Log Data in MB",
          "type": "gauge"
        },
        {
          "datasource": {
            "type": "loki",
            "uid": "d10402dd-b0d7-43c3-817b-0835586f52ea"
          },
          "description": "Total logs produced by application",
          "fieldConfig": {
            "defaults": {
              "color": {
                "fixedColor": "blue",
                "mode": "fixed"
              },
              "mappings": [
                {
                  "options": {
                    "match": "null",
                    "result": {
                      "index": 0,
                      "text": "0"
                    }
                  },
                  "type": "special"
                }
              ],
              "thresholds": {
                "mode": "absolute",
                "steps": [
                  {
                    "color": "green"
                  },
                  {
                    "color": "red",
                    "value": 80
                  }
                ]
              }
            },
            "overrides": []
          },
          "gridPos": {
            "h": 6,
            "w": 12,
            "x": 12,
            "y": 29
          },
          "id": 18,
          "options": {
            "colorMode": "value",
            "graphMode": "area",
            "justifyMode": "auto",
            "orientation": "auto",
            "reduceOptions": {
              "calcs": [
                "last"
              ],
              "fields": "",
              "values": false
            },
            "text": {},
            "textMode": "auto",
            "wideLayout": true
          },
          "pluginVersion": "10.2.1",
          "targets": [
            {
              "datasource": {
                "type": "loki",
                "uid": "d10402dd-b0d7-43c3-817b-0835586f52ea"
              },
              "editorMode": "code",
              "expr": "sum(count_over_time({cluster=~\"$cluster\",workload=~\"$workload\",pod=~\"$pods\",container=~\"$container\"} |~ \"(?i)$search\"  [$__range]))",
              "queryType": "range",
              "refId": "A"
            }
          ],
          "title": "Total Number of   Log Lines",
          "type": "stat"
        },
        {
          "datasource": {
            "type": "loki",
            "uid": "d10402dd-b0d7-43c3-817b-0835586f52ea"
          },
          "fieldConfig": {
            "defaults": {
              "color": {
                "mode": "palette-classic"
              },
              "custom": {
                "axisBorderShow": false,
                "axisCenteredZero": false,
                "axisColorMode": "text",
                "axisLabel": "",
                "axisPlacement": "auto",
                "barAlignment": 0,
                "drawStyle": "line",
                "fillOpacity": 0,
                "gradientMode": "none",
                "hideFrom": {
                  "legend": false,
                  "tooltip": false,
                  "viz": false
                },
                "insertNulls": false,
                "lineInterpolation": "linear",
                "lineWidth": 1,
                "pointSize": 5,
                "scaleDistribution": {
                  "type": "linear"
                },
                "showPoints": "auto",
                "spanNulls": false,
                "stacking": {
                  "group": "A",
                  "mode": "none"
                },
                "thresholdsStyle": {
                  "mode": "off"
                }
              },
              "mappings": [],
              "thresholds": {
                "mode": "absolute",
                "steps": [
                  {
                    "color": "green"
                  },
                  {
                    "color": "red",
                    "value": 80
                  }
                ]
              }
            },
            "overrides": []
          },
          "gridPos": {
            "h": 6,
            "w": 12,
            "x": 0,
            "y": 35
          },
          "id": 21,
          "options": {
            "legend": {
              "calcs": [],
              "displayMode": "list",
              "placement": "bottom",
              "showLegend": true
            },
            "tooltip": {
              "mode": "single",
              "sort": "none"
            }
          },
          "pluginVersion": "8.4.3",
          "targets": [
            {
              "datasource": {
                "type": "loki",
                "uid": "d10402dd-b0d7-43c3-817b-0835586f52ea"
              },
              "editorMode": "code",
              "expr": "sum(bytes_rate({cluster=~\"$cluster\",workload=~\"$workload\",pod=~\"$pods\",container=~\"$container\"} |~ \"(?i)$search\"  [5m]))",
              "queryType": "range",
              "refId": "A"
            }
          ],
          "title": "Bytes sent rate",
          "type": "timeseries"
        },
        {
          "datasource": {
            "type": "loki",
            "uid": "d10402dd-b0d7-43c3-817b-0835586f52ea"
          },
          "description": "Percentage of Error logs produced by application\npattern used to filter error log line is  \"ERROR\"",
          "fieldConfig": {
            "defaults": {
              "color": {
                "mode": "thresholds"
              },
              "mappings": [
                {
                  "options": {
                    "match": "null",
                    "result": {
                      "index": 0,
                      "text": "0"
                    }
                  },
                  "type": "special"
                }
              ],
              "thresholds": {
                "mode": "absolute",
                "steps": [
                  {
                    "color": "green"
                  },
                  {
                    "color": "red",
                    "value": 0.5
                  }
                ]
              },
              "unit": "none"
            },
            "overrides": []
          },
          "gridPos": {
            "h": 6,
            "w": 12,
            "x": 12,
            "y": 35
          },
          "id": 16,
          "options": {
            "colorMode": "value",
            "graphMode": "area",
            "justifyMode": "auto",
            "orientation": "auto",
            "reduceOptions": {
              "calcs": [
                "last"
              ],
              "fields": "",
              "values": false
            },
            "text": {},
            "textMode": "auto",
            "wideLayout": true
          },
          "pluginVersion": "10.2.1",
          "targets": [
            {
              "datasource": {
                "type": "loki",
                "uid": "d10402dd-b0d7-43c3-817b-0835586f52ea"
              },
              "editorMode": "code",
              "expr": "sum(count_over_time({cluster=~\"$cluster\",workload=~\"$workload\",pod=~\"$pods\",container=~\"$container\"}  |~ \"ERROR\"[$__range]))",
              "queryType": "range",
              "refId": "A"
            }
          ],
          "title": "Number of  Error Log Lines",
          "type": "stat"
        },
        {
          "datasource": {
            "type": "loki",
            "uid": "d10402dd-b0d7-43c3-817b-0835586f52ea"
          },
          "fieldConfig": {
            "defaults": {
              "color": {
                "mode": "palette-classic"
              },
              "custom": {
                "axisBorderShow": false,
                "axisCenteredZero": false,
                "axisColorMode": "text",
                "axisLabel": "",
                "axisPlacement": "auto",
                "barAlignment": 0,
                "drawStyle": "line",
                "fillOpacity": 45,
                "gradientMode": "opacity",
                "hideFrom": {
                  "legend": false,
                  "tooltip": false,
                  "viz": false
                },
                "insertNulls": false,
                "lineInterpolation": "smooth",
                "lineWidth": 1,
                "pointSize": 5,
                "scaleDistribution": {
                  "type": "linear"
                },
                "showPoints": "auto",
                "spanNulls": false,
                "stacking": {
                  "group": "A",
                  "mode": "none"
                },
                "thresholdsStyle": {
                  "mode": "off"
                }
              },
              "mappings": [],
              "thresholds": {
                "mode": "absolute",
                "steps": [
                  {
                    "color": "green"
                  },
                  {
                    "color": "red",
                    "value": 80
                  }
                ]
              }
            },
            "overrides": []
          },
          "gridPos": {
            "h": 10,
            "w": 24,
            "x": 0,
            "y": 41
          },
          "id": 4,
          "options": {
            "legend": {
              "calcs": [],
              "displayMode": "list",
              "placement": "bottom",
              "showLegend": true
            },
            "tooltip": {
              "mode": "single",
              "sort": "none"
            }
          },
          "targets": [
            {
              "datasource": {
                "type": "loki",
                "uid": "d10402dd-b0d7-43c3-817b-0835586f52ea"
              },
              "editorMode": "code",
              "expr": "sum(rate({cluster=~\"$cluster\",workload=~\"$workload\",pod=~\"$pods\",container=~\"$container\"} |~ \"(?i)$search\"[1m])) by (workload)",
              "queryType": "range",
              "refId": "A"
            }
          ],
          "title": "Rate of Log generation[1m]",
          "type": "timeseries"
        }
      ],
      "targets": [
        {
          "datasource": {
            "type": "prometheus",
            "uid": "k1DFTi3Gz"
          },
          "refId": "A"
        }
      ],
      "title": "Log Count",
      "type": "row"
    }
  ],
  "refresh": "",
  "schemaVersion": 39,
  "tags": [
    "type=APM"
  ],
  "templating": {
    "list": [
      {
        "current": {
          "selected": false,
          "text": "prod",
          "value": "prod"
        },
        "hide": 0,
        "includeAll": false,
        "label": "Env",
        "multi": false,
        "name": "env",
        "options": [
          {
            "selected": true,
            "text": "prod",
            "value": "prod"
          },
          {
            "selected": false,
            "text": "release",
            "value": "release"
          }
        ],
        "query": "prod, release",
        "queryValue": "",
        "skipUrlSync": false,
        "type": "custom"
      },
      {
        "current": {
          "selected": false,
          "text": [
            "stocksorder"
          ],
          "value": [
            "stocksorder"
          ]
        },
        "datasource": {
          "type": "prometheus",
          "uid": "f99a1487-a4ab-4be7-beca-76d2ff06dd94"
        },
        "definition": "label_values(kube_pod_labels{cluster=\"$cluster\"},label_subpod)",
        "hide": 0,
        "includeAll": false,
        "label": "Teams",
        "multi": true,
        "name": "teams",
        "options": [],
        "query": {
          "qryType": 1,
          "query": "label_values(kube_pod_labels{cluster=\"$cluster\"},label_subpod)",
          "refId": "PrometheusVariableQueryEditor-VariableQuery"
        },
        "refresh": 1,
        "regex": "",
        "skipUrlSync": false,
        "sort": 0,
        "type": "query"
      },
      {
        "current": {
          "selected": false,
          "text": [
            "fno-oms-rms"
          ],
          "value": [
            "fno-oms-rms"
          ]
        },
        "datasource": {
          "type": "prometheus",
          "uid": "f99a1487-a4ab-4be7-beca-76d2ff06dd94"
        },
        "definition": "query_result(otel_scope_info{cluster=~\"$cluster\"} * on (pod) group_left(label_subpod) kube_pod_labels{cluster=\"$cluster\" ,label_subpod=~\"$teams\"})",
        "hide": 0,
        "includeAll": false,
        "label": "Service",
        "multi": true,
        "name": "service",
        "options": [],
        "query": {
          "qryType": 3,
          "query": "query_result(otel_scope_info{cluster=~\"$cluster\"} * on (pod) group_left(label_subpod) kube_pod_labels{cluster=\"$cluster\" ,label_subpod=~\"$teams\"})",
          "refId": "PrometheusVariableQueryEditor-VariableQuery"
        },
        "refresh": 1,
        "regex": "/service=\"(?<value>[^\"]+)\"/",
        "skipUrlSync": false,
        "sort": 0,
        "type": "query"
      },
      {
        "allValue": "",
        "current": {
          "selected": false,
          "text": [
            "All"
          ],
          "value": [
            "$__all"
          ]
        },
        "datasource": {
          "type": "prometheus",
          "uid": "f99a1487-a4ab-4be7-beca-76d2ff06dd94"
        },
        "definition": "label_values(otel_scope_info{cluster=\"$cluster\", service=~\"$service\"},pod)",
        "hide": 0,
        "includeAll": true,
        "label": "Pods",
        "multi": true,
        "name": "pods",
        "options": [],
        "query": {
          "qryType": 1,
          "query": "label_values(otel_scope_info{cluster=\"$cluster\", service=~\"$service\"},pod)",
          "refId": "PrometheusVariableQueryEditor-VariableQuery"
        },
        "refresh": 2,
        "regex": "",
        "skipUrlSync": false,
        "sort": 0,
        "type": "query"
      },
      {
        "current": {
          "selected": false,
          "text": "fno-oms-rms-rollout",
          "value": "fno-oms-rms-rollout"
        },
        "datasource": {
          "type": "prometheus",
          "uid": "f99a1487-a4ab-4be7-beca-76d2ff06dd94"
        },
        "definition": "query_result(namespace_workload_pod:kube_pod_owner:relabel{cluster=\"$cluster\",workload_type=~\"deployment|statefulset\", pod=~\"$pods\"} * on (pod) group_left(label_subpod) (kube_pod_labels{cluster=\"$cluster\", pod=~\"$pods\"}))",
        "hide": 2,
        "includeAll": false,
        "multi": false,
        "name": "workload",
        "options": [],
        "query": {
          "qryType": 3,
          "query": "query_result(namespace_workload_pod:kube_pod_owner:relabel{cluster=\"$cluster\",workload_type=~\"deployment|statefulset\", pod=~\"$pods\"} * on (pod) group_left(label_subpod) (kube_pod_labels{cluster=\"$cluster\", pod=~\"$pods\"}))",
          "refId": "PrometheusVariableQueryEditor-VariableQuery"
        },
        "refresh": 2,
        "regex": "/workload=\"(?<value>[^\"]+)\"/",
        "skipUrlSync": false,
        "sort": 0,
        "type": "query"
      },
      {
        "current": {
          "selected": false,
          "text": "prod-app-cluster",
          "value": "prod-app-cluster"
        },
        "datasource": {
          "type": "prometheus",
          "uid": "f99a1487-a4ab-4be7-beca-76d2ff06dd94"
        },
        "definition": "label_values(otel_scope_info{env=\"$env\"},cluster)",
        "hide": 2,
        "includeAll": false,
        "label": "Cluster",
        "multi": false,
        "name": "cluster",
        "options": [],
        "query": {
          "qryType": 1,
          "query": "label_values(otel_scope_info{env=\"$env\"},cluster)",
          "refId": "PrometheusVariableQueryEditor-VariableQuery"
        },
        "refresh": 1,
        "regex": "",
        "skipUrlSync": false,
        "sort": 0,
        "type": "query"
      },
      {
        "current": {
          "selected": false,
          "text": "All",
          "value": "$__all"
        },
        "datasource": {
          "type": "loki",
          "uid": "d10402dd-b0d7-43c3-817b-0835586f52ea"
        },
        "definition": "",
        "hide": 0,
        "includeAll": true,
        "multi": true,
        "name": "container",
        "options": [],
        "query": {
          "label": "container",
          "refId": "LokiVariableQueryEditor-VariableQuery",
          "stream": "{cluster=\"$cluster\",pod=~\"$pods\"}",
          "type": 1
        },
        "refresh": 2,
        "regex": "",
        "skipUrlSync": false,
        "sort": 0,
        "type": "query"
      },
      {
        "current": {
          "selected": true,
          "text": "",
          "value": ""
        },
        "hide": 0,
        "name": "search",
        "options": [
          {
            "selected": true,
            "text": "",
            "value": ""
          }
        ],
        "query": "",
        "skipUrlSync": false,
        "type": "textbox"
      }
    ]
  },
  "time": {
    "from": "now-30m",
    "to": "now"
  },
  "timepicker": {
    "hidden": false,
    "refresh_intervals": [
      "1m",
      "5m",
      "15m",
      "30m",
      "1h",
      "2h",
      "1d"
    ]
  },
  "timezone": "browser",
  "title": "Logs",
  "uid": "xuP1xv57kq",
  "version": 8,
  "weekStart": ""
}