{
  "annotations": {
    "list": [
      {
        "builtIn": 1,
        "datasource": {
          "type": "grafana",
          "uid": "-- Grafana --"
        },
        "enable": true,
        "hide": true,
        "iconColor": "rgba(0, 211, 255, 1)",
        "name": "Annotations & Alerts",
        "target": {
          "limit": 100,
          "matchAny": false,
          "tags": [],
          "type": "dashboard"
        },
        "type": "dashboard"
      },
      {
        "datasource": {
          "type": "prometheus",
          "uid": "${datasource}"
        },
        "enable": false,
        "expr": "count(sum(kube_pod_container_info{cluster=~\"$cluster\",pod=~\"$pods\",container!=\"istio-proxy\"})by(image))> 1",
        "hide": false,
        "iconColor": "blue",
        "name": "New Deploy",
        "titleFormat": "New Deployment"
      }
    ]
  },
  "editable": true,
  "fiscalYearStartMonth": 0,
  "graphTooltip": 0,
  "id": 3443,
  "links": [
    {
      "asDropdown": false,
      "icon": "external link",
      "includeVars": true,
      "keepTime": true,
      "tags": [
        "type=APM"
      ],
      "targetBlank": false,
      "title": "Dashboards",
      "tooltip": "",
      "type": "dashboards",
      "url": ""
    }
  ],
  "panels": [
    {
      "datasource": {
        "type": "prometheus",
        "uid": "${datasource}"
      },
      "gridPos": {
        "h": 1,
        "w": 24,
        "x": 0,
        "y": 0
      },
      "id": 219,
      "options": {
        "analyticsOptions": {
          "dashboard": "$__dashboard",
          "flatten": false,
          "heartbeatAlways": false,
          "heartbeatInterval": 60,
          "postEnd": false,
          "postHeartbeat": false,
          "postStart": true,
          "server": "https://grafana-analytics.growwinfra.in/write",
          "showDetails": false
        }
      },
      "pluginVersion": "2.1.0",
      "targets": [
        {
          "datasource": {
            "type": "prometheus",
            "uid": "${datasource}"
          },
          "expr": "",
          "instant": false,
          "range": true,
          "refId": "A"
        }
      ],
      "transparent": true,
      "type": "macropower-analytics-panel"
    },
    {
      "gridPos": {
        "h": 3,
        "w": 24,
        "x": 0,
        "y": 1
      },
      "id": 225,
      "options": {
        "code": {
          "language": "html",
          "showLineNumbers": false,
          "showMiniMap": false
        },
        "content": "<div>\n    <p style=\"font-size: smaller;\">All APM data panels here will show the data for today in solid line \n        (<span style=\"color: green;\">________</span>) <!-- Green solid line -->\n    </p>\n    <p style=\"font-size: smaller;\">The comparison data for last day same time in dotted lines \n        (<span style=\"color: white;\">-------</span>) <!-- Dotted white line -->\n    </p>\n    <p style=\"font-size: smaller;\">The canary data will be displayed in blue solid lines. \n        (<span style=\"color: blue;\">________</span>) <!-- Dotted white line -->\n    </p>\n</div>",
        "mode": "html"
      },
      "pluginVersion": "10.4.2",
      "type": "text"
    },
    {
      "datasource": {
        "type": "prometheus",
        "uid": "${datasource}"
      },
      "fieldConfig": {
        "defaults": {
          "color": {
            "mode": "palette-classic"
          },
          "custom": {
            "axisBorderShow": false,
            "axisCenteredZero": false,
            "axisColorMode": "text",
            "axisLabel": "",
            "axisPlacement": "auto",
            "barAlignment": 0,
            "drawStyle": "line",
            "fillOpacity": 23,
            "gradientMode": "opacity",
            "hideFrom": {
              "legend": false,
              "tooltip": false,
              "viz": false
            },
            "insertNulls": false,
            "lineInterpolation": "linear",
            "lineStyle": {
              "fill": "solid"
            },
            "lineWidth": 1,
            "pointSize": 5,
            "scaleDistribution": {
              "type": "linear"
            },
            "showPoints": "auto",
            "spanNulls": false,
            "stacking": {
              "group": "A",
              "mode": "none"
            },
            "thresholdsStyle": {
              "mode": "dashed"
            }
          },
          "links": [
            {
              "targetBlank": true,
              "title": "Drill Down",
              "url": "https://iamgrafana.growwinfra.in/d/5H-b_c14z/nr-clone-drill-down?orgId=1&var-cluster=$cluster&var-service=$service&var-pod=$pods"
            }
          ],
          "mappings": [],
          "thresholds": {
            "mode": "absolute",
            "steps": [
              {
                "color": "green",
                "value": null
              },
              {
                "color": "red",
                "value": 1000
              }
            ]
          },
          "unit": "ms"
        },
        "overrides": [
          {
            "matcher": {
              "id": "byName",
              "options": "Last week"
            },
            "properties": [
              {
                "id": "custom.lineStyle",
                "value": {
                  "dash": [
                    10,
                    10
                  ],
                  "fill": "dash"
                }
              },
              {
                "id": "color",
                "value": {
                  "fixedColor": "text",
                  "mode": "fixed"
                }
              }
            ]
          },
          {
            "matcher": {
              "id": "byName",
              "options": "Canary"
            },
            "properties": [
              {
                "id": "color",
                "value": {
                  "fixedColor": "dark-blue",
                  "mode": "fixed"
                }
              }
            ]
          }
        ]
      },
      "gridPos": {
        "h": 8,
        "w": 8,
        "x": 0,
        "y": 4
      },
      "id": 6,
      "options": {
        "legend": {
          "calcs": [],
          "displayMode": "list",
          "placement": "bottom",
          "showLegend": false
        },
        "tooltip": {
          "mode": "single",
          "sort": "none"
        }
      },
      "pluginVersion": "10.4.2",
      "targets": [
        {
          "datasource": {
            "type": "prometheus",
            "uid": "${datasource}"
          },
          "editorMode": "code",
          "exemplar": true,
          "expr": "(sum(rate(http_server_duration_sum{cluster=\"$cluster\",service=~\"$service\"}[1m])* on (pod) group_left(label_role) kube_pod_labels{cluster=\"$cluster\" ,pod=~\"$pods\",label_role=\"stable\"}) by (service)) / sum(rate(http_server_duration_count{cluster=\"$cluster\",service=~\"$service\"}[1m])* on (pod) group_left(label_role) kube_pod_labels{cluster=\"$cluster\" ,pod=~\"$pods\",label_role=\"stable\"}) by (service) or (sum(rate(http_server_duration_milliseconds_sum{cluster=\"$cluster\",service=~\"$service\"}[1m])* on (pod) group_left(label_role) kube_pod_labels{cluster=\"$cluster\" ,pod=~\"$pods\",label_role=\"stable\"}) by (service)) / sum(rate(http_server_duration_milliseconds_count{cluster=\"$cluster\",service=~\"$service\"}[1m])* on (pod) group_left(label_role) kube_pod_labels{cluster=\"$cluster\" ,pod=~\"$pods\",label_role=\"stable\"}) by (service)\n\nor \n\n(sum(rate(http_server_duration_sum{cluster=\"$cluster\",service=~\"$service\"}[1m])* on (pod) group_left(label_role) kube_pod_labels{cluster=\"$cluster\" ,pod=~\"$pods\"}) by (service)) / sum(rate(http_server_duration_count{cluster=\"$cluster\",service=~\"$service\"}[1m])* on (pod) group_left(label_role) kube_pod_labels{cluster=\"$cluster\" ,pod=~\"$pods\"}) by (service) or (sum(rate(http_server_duration_milliseconds_sum{cluster=\"$cluster\",service=~\"$service\"}[1m])* on (pod) group_left(label_role) kube_pod_labels{cluster=\"$cluster\" ,pod=~\"$pods\"}) by (service)) / sum(rate(http_server_duration_milliseconds_count{cluster=\"$cluster\",service=~\"$service\"}[1m])* on (pod) group_left(label_role) kube_pod_labels{cluster=\"$cluster\" ,pod=~\"$pods\"}) by (service)",
          "hide": false,
          "legendFormat": "Today",
          "range": true,
          "refId": "B"
        },
        {
          "datasource": {
            "type": "prometheus",
            "uid": "${datasource}"
          },
          "editorMode": "code",
          "exemplar": true,
          "expr": "\n((sum(rate(http_server_duration_sum{cluster=\"$cluster\",service=~\"$service\"} [1m] offset $compare_with )) by (service)) / sum(rate(http_server_duration_count{cluster=\"$cluster\",service=~\"$service\"}[1m] offset $compare_with)) by (service))  $enable_compare true or \n((sum(rate(http_server_duration_milliseconds_sum{cluster=\"$cluster\",service=~\"$service\"} [1m] offset $compare_with )) by (service)) / sum(rate(http_server_duration_milliseconds_count{cluster=\"$cluster\",service=~\"$service\"}[1m] offset $compare_with)) by (service))  $enable_compare true\n",
          "hide": false,
          "legendFormat": "Last week",
          "range": true,
          "refId": "A"
        },
        {
          "datasource": {
            "type": "prometheus",
            "uid": "${datasource}"
          },
          "editorMode": "code",
          "expr": "sum(rate(http_server_duration_milliseconds_sum{cluster=\"$cluster\",service=~\"$service\"}[1m]) * on (pod) group_left(label_role) kube_pod_labels{cluster=\"$cluster\" ,pod=~\"$pods\",label_role=\"canary\"}) by (service) / sum(rate(http_server_duration_milliseconds_count{cluster=\"$cluster\",service=~\"$service\"}[1m]) * on (pod) group_left(label_role) kube_pod_labels{cluster=\"prod-app-cluster\" ,pod=~\"$pods\",label_role=\"canary\"}) by (service)",
          "hide": false,
          "instant": false,
          "legendFormat": "Canary",
          "range": true,
          "refId": "C"
        }
      ],
      "title": "Response Time",
      "transformations": [
        {
          "id": "convertFieldType",
          "options": {
            "conversions": [
              {
                "destinationType": "number",
                "targetField": "Value"
              },
              {
                "destinationType": "number",
                "targetField": "Value"
              }
            ],
            "fields": {}
          }
        }
      ],
      "type": "timeseries"
    },
    {
      "datasource": {
        "type": "prometheus",
        "uid": "${datasource}"
      },
      "fieldConfig": {
        "defaults": {
          "color": {
            "mode": "palette-classic"
          },
          "custom": {
            "axisBorderShow": false,
            "axisCenteredZero": false,
            "axisColorMode": "text",
            "axisLabel": "",
            "axisPlacement": "auto",
            "barAlignment": 0,
            "drawStyle": "line",
            "fillOpacity": 0,
            "gradientMode": "none",
            "hideFrom": {
              "legend": false,
              "tooltip": false,
              "viz": false
            },
            "insertNulls": false,
            "lineInterpolation": "linear",
            "lineWidth": 1,
            "pointSize": 5,
            "scaleDistribution": {
              "type": "linear"
            },
            "showPoints": "auto",
            "spanNulls": false,
            "stacking": {
              "group": "A",
              "mode": "none"
            },
            "thresholdsStyle": {
              "mode": "off"
            }
          },
          "mappings": [],
          "thresholds": {
            "mode": "absolute",
            "steps": [
              {
                "color": "green",
                "value": null
              },
              {
                "color": "red",
                "value": 80
              }
            ]
          },
          "unit": "ms"
        },
        "overrides": [
          {
            "matcher": {
              "id": "byName",
              "options": "Last week"
            },
            "properties": [
              {
                "id": "custom.lineStyle",
                "value": {
                  "dash": [
                    10,
                    10
                  ],
                  "fill": "dash"
                }
              },
              {
                "id": "color",
                "value": {
                  "fixedColor": "text",
                  "mode": "fixed"
                }
              }
            ]
          },
          {
            "matcher": {
              "id": "byName",
              "options": "Canary"
            },
            "properties": [
              {
                "id": "color",
                "value": {
                  "fixedColor": "dark-blue",
                  "mode": "fixed"
                }
              }
            ]
          }
        ]
      },
      "gridPos": {
        "h": 8,
        "w": 8,
        "x": 8,
        "y": 4
      },
      "id": 13,
      "options": {
        "legend": {
          "calcs": [],
          "displayMode": "list",
          "placement": "bottom",
          "showLegend": false
        },
        "tooltip": {
          "mode": "single",
          "sort": "none"
        }
      },
      "pluginVersion": "10.4.2",
      "targets": [
        {
          "datasource": {
            "type": "prometheus",
            "uid": "${datasource}"
          },
          "editorMode": "code",
          "exemplar": true,
          "expr": "histogram_quantile(0.99,sum(rate(http_server_duration_bucket{cluster=\"$cluster\",service=~\"$service\"}[5m])* on (pod) group_left(label_role) kube_pod_labels{cluster=\"$cluster\" ,pod=~\"$pods\",label_role=\"stable\"}) by (le,service)) or histogram_quantile(0.99,sum(rate(http_server_duration_milliseconds_bucket{cluster=\"$cluster\",service=~\"$service\"}[5m])* on (pod) group_left(label_role) kube_pod_labels{cluster=\"$cluster\" ,pod=~\"$pods\",label_role=\"stable\"}) by (le,service))\n\nor \nhistogram_quantile(0.99,sum(rate(http_server_duration_bucket{cluster=\"$cluster\",service=~\"$service\"}[5m])* on (pod) group_left(label_role) kube_pod_labels{cluster=\"$cluster\" ,pod=~\"$pods\"}) by (le,service)) or histogram_quantile(0.99,sum(rate(http_server_duration_milliseconds_bucket{cluster=\"$cluster\",service=~\"$service\"}[5m])* on (pod) group_left(label_role) kube_pod_labels{cluster=\"$cluster\" ,pod=~\"$pods\"}) by (le,service))\n",
          "hide": false,
          "legendFormat": "Today",
          "range": true,
          "refId": "B"
        },
        {
          "datasource": {
            "type": "prometheus",
            "uid": "${datasource}"
          },
          "editorMode": "code",
          "exemplar": true,
          "expr": "histogram_quantile(0.99,sum(rate(http_server_duration_bucket{cluster=\"$cluster\",service=~\"$service\"}[5m] offset $compare_with)) by (le,service)) $enable_compare true or histogram_quantile(0.99,sum(rate(http_server_duration_milliseconds_bucket{cluster=\"$cluster\",service=~\"$service\"}[5m] offset $compare_with)) by (le,service)) $enable_compare true",
          "hide": false,
          "legendFormat": "Last week",
          "range": true,
          "refId": "C"
        },
        {
          "datasource": {
            "type": "prometheus",
            "uid": "${datasource}"
          },
          "editorMode": "code",
          "expr": "histogram_quantile(0.99,sum(rate(http_server_duration_bucket{cluster=\"$cluster\",service=~\"$service\"}[5m])* on (pod) group_left(label_role) kube_pod_labels{cluster=\"$cluster\" ,pod=~\"$pods\",label_role=\"canary\"}) by (le,service)) or histogram_quantile(0.99,sum(rate(http_server_duration_milliseconds_bucket{cluster=\"$cluster\",service=~\"$service\"}[5m])* on (pod) group_left(label_role) kube_pod_labels{cluster=\"$cluster\" ,pod=~\"$pods\",label_role=\"canary\"}) by (le,service))",
          "hide": false,
          "instant": false,
          "legendFormat": "Canary",
          "range": true,
          "refId": "A"
        }
      ],
      "title": "P99 Latency",
      "transformations": [
        {
          "id": "convertFieldType",
          "options": {
            "conversions": [
              {
                "destinationType": "number",
                "targetField": "Value"
              },
              {
                "destinationType": "number",
                "targetField": "Value"
              }
            ],
            "fields": {}
          }
        }
      ],
      "type": "timeseries"
    },
    {
      "datasource": {
        "type": "prometheus",
        "uid": "${datasource}"
      },
      "fieldConfig": {
        "defaults": {
          "color": {
            "mode": "palette-classic"
          },
          "custom": {
            "axisBorderShow": false,
            "axisCenteredZero": false,
            "axisColorMode": "text",
            "axisLabel": "",
            "axisPlacement": "auto",
            "barAlignment": 0,
            "drawStyle": "line",
            "fillOpacity": 0,
            "gradientMode": "none",
            "hideFrom": {
              "legend": false,
              "tooltip": false,
              "viz": false
            },
            "insertNulls": false,
            "lineInterpolation": "linear",
            "lineWidth": 1,
            "pointSize": 5,
            "scaleDistribution": {
              "type": "linear"
            },
            "showPoints": "auto",
            "spanNulls": false,
            "stacking": {
              "group": "A",
              "mode": "none"
            },
            "thresholdsStyle": {
              "mode": "off"
            }
          },
          "mappings": [],
          "thresholds": {
            "mode": "absolute",
            "steps": [
              {
                "color": "green",
                "value": null
              },
              {
                "color": "red",
                "value": 80
              }
            ]
          },
          "unit": "ms"
        },
        "overrides": [
          {
            "matcher": {
              "id": "byName",
              "options": "Last week"
            },
            "properties": [
              {
                "id": "custom.lineStyle",
                "value": {
                  "dash": [
                    10,
                    10
                  ],
                  "fill": "dash"
                }
              },
              {
                "id": "color",
                "value": {
                  "fixedColor": "text",
                  "mode": "fixed"
                }
              }
            ]
          },
          {
            "matcher": {
              "id": "byName",
              "options": "Canary"
            },
            "properties": [
              {
                "id": "color",
                "value": {
                  "fixedColor": "dark-blue",
                  "mode": "fixed"
                }
              }
            ]
          }
        ]
      },
      "gridPos": {
        "h": 8,
        "w": 8,
        "x": 16,
        "y": 4
      },
      "id": 224,
      "options": {
        "legend": {
          "calcs": [],
          "displayMode": "list",
          "placement": "bottom",
          "showLegend": false
        },
        "tooltip": {
          "mode": "single",
          "sort": "none"
        }
      },
      "pluginVersion": "10.4.2",
      "targets": [
        {
          "datasource": {
            "type": "prometheus",
            "uid": "${datasource}"
          },
          "editorMode": "code",
          "exemplar": true,
          "expr": "histogram_quantile(0.95,sum(rate(http_server_duration_bucket{cluster=\"$cluster\",service=~\"$service\"}[5m])* on (pod) group_left(label_role) kube_pod_labels{cluster=\"$cluster\" ,pod=~\"$pods\",label_role=\"stable\"}) by (le,service)) or histogram_quantile(0.95,sum(rate(http_server_duration_milliseconds_bucket{cluster=\"$cluster\",service=~\"$service\"}[5m])* on (pod) group_left(label_role) kube_pod_labels{cluster=\"$cluster\" ,pod=~\"$pods\",label_role=\"stable\"}) by (le,service))\n\nor \nhistogram_quantile(0.95,sum(rate(http_server_duration_bucket{cluster=\"$cluster\",service=~\"$service\"}[5m])* on (pod) group_left(label_role) kube_pod_labels{cluster=\"$cluster\" ,pod=~\"$pods\"}) by (le,service)) or histogram_quantile(0.95,sum(rate(http_server_duration_milliseconds_bucket{cluster=\"$cluster\",service=~\"$service\"}[5m])* on (pod) group_left(label_role) kube_pod_labels{cluster=\"$cluster\" ,pod=~\"$pods\"}) by (le,service))",
          "hide": false,
          "legendFormat": "Today",
          "range": true,
          "refId": "A"
        },
        {
          "datasource": {
            "type": "prometheus",
            "uid": "${datasource}"
          },
          "editorMode": "code",
          "exemplar": true,
          "expr": "histogram_quantile(0.95,sum(rate(http_server_duration_bucket{cluster=\"$cluster\",service=~\"$service\"}[5m] offset $compare_with)) by (le,service)) $enable_compare true or histogram_quantile(0.95,sum(rate(http_server_duration_milliseconds_bucket{cluster=\"$cluster\",service=~\"$service\"}[5m] offset $compare_with)) by (le,service)) $enable_compare true",
          "hide": false,
          "legendFormat": "Last week",
          "range": true,
          "refId": "D"
        },
        {
          "datasource": {
            "type": "prometheus",
            "uid": "${datasource}"
          },
          "editorMode": "code",
          "expr": "histogram_quantile(0.95,sum(rate(http_server_duration_bucket{cluster=\"$cluster\",service=~\"$service\"}[5m])* on (pod) group_left(label_role) kube_pod_labels{cluster=\"$cluster\" ,pod=~\"$pods\",label_role=\"canary\"}) by (le,service)) or histogram_quantile(0.95,sum(rate(http_server_duration_milliseconds_bucket{cluster=\"$cluster\",service=~\"$service\"}[5m])* on (pod) group_left(label_role) kube_pod_labels{cluster=\"$cluster\" ,pod=~\"$pods\",label_role=\"canary\"}) by (le,service))",
          "hide": false,
          "instant": false,
          "legendFormat": "Canary",
          "range": true,
          "refId": "B"
        }
      ],
      "title": "P95 Latency",
      "transformations": [
        {
          "id": "convertFieldType",
          "options": {
            "conversions": [
              {
                "destinationType": "number",
                "targetField": "Value"
              },
              {
                "destinationType": "number",
                "targetField": "Value"
              }
            ],
            "fields": {}
          }
        }
      ],
      "type": "timeseries"
    },
    {
      "datasource": {
        "type": "prometheus",
        "uid": "${datasource}"
      },
      "fieldConfig": {
        "defaults": {
          "color": {
            "mode": "palette-classic"
          },
          "custom": {
            "axisBorderShow": false,
            "axisCenteredZero": false,
            "axisColorMode": "text",
            "axisLabel": "",
            "axisPlacement": "auto",
            "barAlignment": 0,
            "drawStyle": "line",
            "fillOpacity": 0,
            "gradientMode": "none",
            "hideFrom": {
              "legend": false,
              "tooltip": false,
              "viz": false
            },
            "insertNulls": false,
            "lineInterpolation": "linear",
            "lineWidth": 1,
            "pointSize": 5,
            "scaleDistribution": {
              "type": "linear"
            },
            "showPoints": "auto",
            "spanNulls": false,
            "stacking": {
              "group": "A",
              "mode": "none"
            },
            "thresholdsStyle": {
              "mode": "off"
            }
          },
          "links": [
            {
              "targetBlank": true,
              "title": "Drill Down",
              "url": "https://iamgrafana.growwinfra.in/d/5H-b_c14z/nr-clone-drill-down?orgId=1&var-cluster=$cluster&var-service=$service&var-pod=$pods"
            }
          ],
          "mappings": [],
          "thresholds": {
            "mode": "absolute",
            "steps": [
              {
                "color": "green",
                "value": null
              },
              {
                "color": "red",
                "value": 80
              }
            ]
          },
          "unit": "rpm"
        },
        "overrides": [
          {
            "matcher": {
              "id": "byName",
              "options": "Last week"
            },
            "properties": [
              {
                "id": "custom.lineStyle",
                "value": {
                  "dash": [
                    10,
                    10
                  ],
                  "fill": "dash"
                }
              },
              {
                "id": "color",
                "value": {
                  "fixedColor": "text",
                  "mode": "fixed"
                }
              }
            ]
          },
          {
            "matcher": {
              "id": "byName",
              "options": "Canary"
            },
            "properties": [
              {
                "id": "color",
                "value": {
                  "fixedColor": "dark-blue",
                  "mode": "fixed"
                }
              }
            ]
          }
        ]
      },
      "gridPos": {
        "h": 8,
        "w": 8,
        "x": 0,
        "y": 12
      },
      "id": 5,
      "options": {
        "legend": {
          "calcs": [],
          "displayMode": "list",
          "placement": "bottom",
          "showLegend": false
        },
        "tooltip": {
          "mode": "single",
          "sort": "none"
        }
      },
      "pluginVersion": "10.4.2",
      "targets": [
        {
          "datasource": {
            "type": "prometheus",
            "uid": "${datasource}"
          },
          "editorMode": "code",
          "expr": "sum(increase(http_server_duration_count{cluster=\"$cluster\",service=~\"$service\"}[1m])* on (pod) group_left(label_role) kube_pod_labels{cluster=\"$cluster\" ,pod=~\"$pods\",label_role=\"stable\"}) by (service) or sum(increase(http_server_duration_milliseconds_count{cluster=\"$cluster\",service=~\"$service\"}[1m])* on (pod) group_left(label_role) kube_pod_labels{cluster=\"$cluster\" ,pod=~\"$pods\",label_role=\"stable\"}) by (service) \n\nor \n\nsum(increase(http_server_duration_count{cluster=\"$cluster\",service=~\"$service\"}[1m])* on (pod) group_left(label_role) kube_pod_labels{cluster=\"$cluster\" ,pod=~\"$pods\"}) by (service) or sum(increase(http_server_duration_milliseconds_count{cluster=\"$cluster\",service=~\"$service\"}[1m])* on (pod) group_left(label_role) kube_pod_labels{cluster=\"$cluster\" ,pod=~\"$pods\"}) by (service)",
          "legendFormat": "Today",
          "range": true,
          "refId": "A"
        },
        {
          "datasource": {
            "type": "prometheus",
            "uid": "${datasource}"
          },
          "editorMode": "code",
          "expr": "sum(increase(http_server_duration_count{cluster=\"$cluster\",service=~\"$service\"}[1m] offset $compare_with)) by (service)\n$enable_compare true or sum(increase(http_server_duration_milliseconds_count{cluster=\"$cluster\",service=~\"$service\"}[1m] offset $compare_with)) by (service)\n$enable_compare true",
          "hide": false,
          "legendFormat": "Last week",
          "range": true,
          "refId": "B"
        },
        {
          "datasource": {
            "type": "prometheus",
            "uid": "${datasource}"
          },
          "editorMode": "code",
          "expr": "sum(increase(http_server_duration_count{cluster=\"$cluster\",service=~\"$service\"}[1m])* on (pod) group_left(label_role) kube_pod_labels{cluster=\"$cluster\" ,pod=~\"$pods\",label_role=\"canary\"}) by (service) or sum(increase(http_server_duration_milliseconds_count{cluster=\"$cluster\",service=~\"$service\"}[1m])* on (pod) group_left(label_role) kube_pod_labels{cluster=\"$cluster\" ,pod=~\"$pods\",label_role=\"canary\"}) by (service)",
          "hide": false,
          "instant": false,
          "legendFormat": "Canary",
          "range": true,
          "refId": "C"
        }
      ],
      "title": "Total Throughput(rpm)",
      "type": "timeseries"
    },
    {
      "datasource": {
        "type": "prometheus",
        "uid": "${datasource}"
      },
      "fieldConfig": {
        "defaults": {
          "color": {
            "mode": "palette-classic"
          },
          "custom": {
            "axisBorderShow": false,
            "axisCenteredZero": false,
            "axisColorMode": "text",
            "axisLabel": "",
            "axisPlacement": "auto",
            "barAlignment": 0,
            "drawStyle": "line",
            "fillOpacity": 0,
            "gradientMode": "none",
            "hideFrom": {
              "legend": false,
              "tooltip": false,
              "viz": false
            },
            "insertNulls": false,
            "lineInterpolation": "linear",
            "lineWidth": 1,
            "pointSize": 5,
            "scaleDistribution": {
              "type": "linear"
            },
            "showPoints": "auto",
            "spanNulls": false,
            "stacking": {
              "group": "A",
              "mode": "none"
            },
            "thresholdsStyle": {
              "mode": "off"
            }
          },
          "links": [
            {
              "targetBlank": true,
              "title": "Drill Down",
              "url": "https://iamgrafana.growwinfra.in/d/5H-b_c14z/nr-clone-drill-down?orgId=1&var-cluster=$cluster&var-service=$service&var-pod=$pods"
            }
          ],
          "mappings": [
            {
              "options": {
                "match": "empty",
                "result": {
                  "index": 0,
                  "text": "0"
                }
              },
              "type": "special"
            },
            {
              "options": {
                "match": "null+nan",
                "result": {
                  "index": 1,
                  "text": "0"
                }
              },
              "type": "special"
            }
          ],
          "max": 1,
          "thresholds": {
            "mode": "absolute",
            "steps": [
              {
                "color": "green",
                "value": null
              },
              {
                "color": "red",
                "value": 80
              }
            ]
          },
          "unit": "percentunit"
        },
        "overrides": [
          {
            "matcher": {
              "id": "byName",
              "options": "Last week"
            },
            "properties": [
              {
                "id": "custom.lineStyle",
                "value": {
                  "dash": [
                    10,
                    10
                  ],
                  "fill": "dash"
                }
              },
              {
                "id": "color",
                "value": {
                  "fixedColor": "text",
                  "mode": "fixed"
                }
              }
            ]
          },
          {
            "matcher": {
              "id": "byName",
              "options": "Canary"
            },
            "properties": [
              {
                "id": "color",
                "value": {
                  "fixedColor": "dark-blue",
                  "mode": "fixed"
                }
              }
            ]
          }
        ]
      },
      "gridPos": {
        "h": 8,
        "w": 8,
        "x": 8,
        "y": 12
      },
      "id": 8,
      "options": {
        "legend": {
          "calcs": [],
          "displayMode": "list",
          "placement": "bottom",
          "showLegend": false
        },
        "tooltip": {
          "mode": "single",
          "sort": "none"
        }
      },
      "pluginVersion": "10.4.2",
      "targets": [
        {
          "datasource": {
            "type": "prometheus",
            "uid": "${datasource}"
          },
          "editorMode": "code",
          "expr": "(sum(increase(http_server_duration_milliseconds_count{cluster=\"$cluster\",service=~\"$service\",http_status_code!~\"2.*|3.*\"}[1m])* on (pod) group_left(label_role) kube_pod_labels{cluster=\"$cluster\" ,pod=~\"$pods\",label_role=\"stable\"}) by (service) / sum(increase(http_server_duration_milliseconds_count{cluster=\"$cluster\",service=~\"$service\"}[1m])* on (pod) group_left(label_role) kube_pod_labels{cluster=\"$cluster\" ,pod=~\"$pods\",label_role=\"stable\"}) by (service)) or (sum(increase(http_server_duration_count{cluster=\"$cluster\",service=~\"$service\",http_status_code!~\"2.*|3.*\"}[1m])* on (pod) group_left(label_role) kube_pod_labels{cluster=\"$cluster\" ,pod=~\"$pods\",label_role=\"stable\"}) by (service) / sum(increase(http_server_duration_count{cluster=\"$cluster\",service=~\"$service\"}[1m])* on (pod) group_left(label_role) kube_pod_labels{cluster=\"$cluster\" ,pod=~\"$pods\",label_role=\"stable\"}) by (service) )\n\nor\n\n(sum(increase(http_server_duration_milliseconds_count{cluster=\"$cluster\",service=~\"$service\",http_status_code!~\"2.*|3.*\"}[1m])* on (pod) group_left(label_role) kube_pod_labels{cluster=\"$cluster\" ,pod=~\"$pods\"}) by (service) / sum(increase(http_server_duration_milliseconds_count{cluster=\"$cluster\",service=~\"$service\"}[1m])* on (pod) group_left(label_role) kube_pod_labels{cluster=\"$cluster\" ,pod=~\"$pods\"}) by (service)) or (sum(increase(http_server_duration_count{cluster=\"$cluster\",service=~\"$service\",http_status_code!~\"2.*|3.*\"}[1m])* on (pod) group_left(label_role) kube_pod_labels{cluster=\"$cluster\" ,pod=~\"$pods\"}) by (service) / sum(increase(http_server_duration_count{cluster=\"$cluster\",service=~\"$service\"}[1m])* on (pod) group_left(label_role) kube_pod_labels{cluster=\"$cluster\" ,pod=~\"$pods\"}) by (service) )",
          "legendFormat": "Today",
          "range": true,
          "refId": "A"
        },
        {
          "datasource": {
            "type": "prometheus",
            "uid": "${datasource}"
          },
          "editorMode": "code",
          "expr": "(sum(increase(http_server_duration_milliseconds_count{cluster=\"$cluster\",service=~\"$service\",http_status_code!~\"2.*|3.*\"}[1m] offset $compare_with)) by (service) / sum(increase(http_server_duration_milliseconds_count{cluster=\"$cluster\",service=~\"$service\"}[1m] offset $compare_with)) by (service)  $enable_compare true) or (sum(increase(http_server_duration_count{cluster=\"$cluster\",service=~\"$service\",http_status_code!~\"2.*|3.*\"}[1m] offset $compare_with)) by (service) / sum(increase(http_server_duration_count{cluster=\"$cluster\",service=~\"$service\"}[1m] offset $compare_with)) by (service)  $enable_compare true)",
          "hide": false,
          "legendFormat": "Last week",
          "range": true,
          "refId": "B"
        },
        {
          "datasource": {
            "type": "prometheus",
            "uid": "${datasource}"
          },
          "editorMode": "code",
          "expr": "(sum(increase(http_server_duration_milliseconds_count{cluster=\"$cluster\",service=~\"$service\",http_status_code!~\"2.*|3.*\"}[1m])* on (pod) group_left(label_role) kube_pod_labels{cluster=\"$cluster\" ,pod=~\"$pods\",label_role=\"canary\"}) by (service) / sum(increase(http_server_duration_milliseconds_count{cluster=\"$cluster\",service=~\"$service\"}[1m])* on (pod) group_left(label_role) kube_pod_labels{cluster=\"$cluster\" ,pod=~\"$pods\",label_role=\"canary\"}) by (service)) or (sum(increase(http_server_duration_count{cluster=\"$cluster\",service=~\"$service\",http_status_code!~\"2.*|3.*\"}[1m])* on (pod) group_left(label_role) kube_pod_labels{cluster=\"$cluster\" ,pod=~\"$pods\",label_role=\"canary\"}) by (service) / sum(increase(http_server_duration_count{cluster=\"$cluster\",service=~\"$service\"}[1m])* on (pod) group_left(label_role) kube_pod_labels{cluster=\"$cluster\" ,pod=~\"$pods\",label_role=\"canary\"}) by (service) )",
          "hide": false,
          "instant": false,
          "legendFormat": "Canary",
          "range": true,
          "refId": "C"
        }
      ],
      "title": "Error rate",
      "transformations": [
        {
          "id": "convertFieldType",
          "options": {
            "conversions": [
              {
                "destinationType": "number",
                "targetField": "Value"
              },
              {
                "destinationType": "number",
                "targetField": "Value"
              }
            ],
            "fields": {}
          }
        }
      ],
      "type": "timeseries"
    },
    {
      "datasource": {
        "type": "prometheus",
        "uid": "${datasource}"
      },
      "fieldConfig": {
        "defaults": {
          "color": {
            "mode": "palette-classic"
          },
          "custom": {
            "axisBorderShow": false,
            "axisCenteredZero": false,
            "axisColorMode": "text",
            "axisLabel": "",
            "axisPlacement": "auto",
            "barAlignment": 0,
            "drawStyle": "line",
            "fillOpacity": 10,
            "gradientMode": "hue",
            "hideFrom": {
              "legend": false,
              "tooltip": false,
              "viz": false
            },
            "insertNulls": false,
            "lineInterpolation": "smooth",
            "lineWidth": 2,
            "pointSize": 5,
            "scaleDistribution": {
              "type": "linear"
            },
            "showPoints": "auto",
            "spanNulls": false,
            "stacking": {
              "group": "A",
              "mode": "none"
            },
            "thresholdsStyle": {
              "mode": "off"
            }
          },
          "mappings": [],
          "thresholds": {
            "mode": "absolute",
            "steps": [
              {
                "color": "green",
                "value": null
              },
              {
                "color": "red",
                "value": 80
              }
            ]
          },
          "unit": "ms"
        },
        "overrides": []
      },
      "gridPos": {
        "h": 8,
        "w": 8,
        "x": 16,
        "y": 12
      },
      "id": 228,
      "options": {
        "legend": {
          "calcs": [
            "lastNotNull",
            "mean",
            "max"
          ],
          "displayMode": "table",
          "placement": "bottom",
          "showLegend": false
        },
        "tooltip": {
          "mode": "single",
          "sort": "none"
        }
      },
      "pluginVersion": "10.4.2",
      "targets": [
        {
          "datasource": {
            "type": "prometheus",
            "uid": "${datasource}"
          },
          "editorMode": "code",
          "expr": "topk(5, histogram_quantile(0.95, sum(rate(http_server_duration_milliseconds_bucket{cluster=\"$cluster\",service=\"$service\"}[3m])) by (le, http_route)) or histogram_quantile(0.95, sum(rate(http_server_duration_bucket{cluster=\"$cluster\",service=\"$service\"}[3m])) by (le, http_route)))",
          "instant": false,
          "legendFormat": "{{label_name}}",
          "range": true,
          "refId": "A"
        }
      ],
      "title": "P95 Latency (Top 5 API's)",
      "type": "timeseries"
    },
    {
      "datasource": {
        "type": "prometheus",
        "uid": "${datasource}"
      },
      "fieldConfig": {
        "defaults": {
          "color": {
            "mode": "palette-classic"
          },
          "custom": {
            "axisBorderShow": false,
            "axisCenteredZero": false,
            "axisColorMode": "text",
            "axisLabel": "",
            "axisPlacement": "auto",
            "barAlignment": 0,
            "drawStyle": "line",
            "fillOpacity": 12,
            "gradientMode": "hue",
            "hideFrom": {
              "legend": false,
              "tooltip": false,
              "viz": false
            },
            "insertNulls": false,
            "lineInterpolation": "smooth",
            "lineStyle": {
              "fill": "solid"
            },
            "lineWidth": 2,
            "pointSize": 5,
            "scaleDistribution": {
              "type": "linear"
            },
            "showPoints": "auto",
            "spanNulls": false,
            "stacking": {
              "group": "A",
              "mode": "none"
            },
            "thresholdsStyle": {
              "mode": "off"
            }
          },
          "mappings": [],
          "thresholds": {
            "mode": "absolute",
            "steps": [
              {
                "color": "green",
                "value": null
              },
              {
                "color": "red",
                "value": 80
              }
            ]
          },
          "unit": "reqpm"
        },
        "overrides": []
      },
      "gridPos": {
        "h": 8,
        "w": 8,
        "x": 0,
        "y": 20
      },
      "id": 226,
      "options": {
        "legend": {
          "calcs": [
            "lastNotNull",
            "max",
            "mean",
            "min"
          ],
          "displayMode": "table",
          "placement": "bottom",
          "showLegend": false,
          "sortBy": "Max",
          "sortDesc": true
        },
        "tooltip": {
          "mode": "single",
          "sort": "none"
        }
      },
      "pluginVersion": "10.4.2",
      "targets": [
        {
          "datasource": {
            "type": "prometheus",
            "uid": "${datasource}"
          },
          "editorMode": "code",
          "expr": "topk(5, sum(rate(http_server_duration_milliseconds_count{cluster=\"$cluster\",service=\"$service\"}[3m])*60)  by(http_route) or sum(rate(http_server_duration_count{cluster=\"$cluster\",service=\"$service\"}[3m])*60)  by(http_route))",
          "hide": false,
          "instant": false,
          "legendFormat": "{{label_name}}",
          "range": true,
          "refId": "B"
        }
      ],
      "title": "Throughput (Top 5 API's)",
      "type": "timeseries"
    },
    {
      "datasource": {
        "type": "prometheus",
        "uid": "${datasource}"
      },
      "fieldConfig": {
        "defaults": {
          "color": {
            "mode": "palette-classic"
          },
          "custom": {
            "axisBorderShow": false,
            "axisCenteredZero": false,
            "axisColorMode": "text",
            "axisLabel": "",
            "axisPlacement": "auto",
            "barAlignment": 0,
            "drawStyle": "line",
            "fillOpacity": 4,
            "gradientMode": "hue",
            "hideFrom": {
              "legend": false,
              "tooltip": false,
              "viz": false
            },
            "insertNulls": false,
            "lineInterpolation": "smooth",
            "lineStyle": {
              "fill": "solid"
            },
            "lineWidth": 1,
            "pointSize": 5,
            "scaleDistribution": {
              "type": "linear"
            },
            "showPoints": "auto",
            "spanNulls": false,
            "stacking": {
              "group": "A",
              "mode": "none"
            },
            "thresholdsStyle": {
              "mode": "off"
            }
          },
          "mappings": [],
          "thresholds": {
            "mode": "absolute",
            "steps": [
              {
                "color": "green",
                "value": null
              },
              {
                "color": "red",
                "value": 80
              }
            ]
          },
          "unit": "none"
        },
        "overrides": []
      },
      "gridPos": {
        "h": 8,
        "w": 8,
        "x": 8,
        "y": 20
      },
      "id": 227,
      "options": {
        "legend": {
          "calcs": [
            "mean",
            "min",
            "max"
          ],
          "displayMode": "table",
          "placement": "bottom",
          "showLegend": false,
          "sortBy": "Mean",
          "sortDesc": true
        },
        "tooltip": {
          "mode": "single",
          "sort": "desc"
        }
      },
      "pluginVersion": "10.4.2",
      "targets": [
        {
          "datasource": {
            "type": "prometheus",
            "uid": "${datasource}"
          },
          "editorMode": "code",
          "exemplar": false,
          "expr": "topk(5,sum(rate(http_server_duration_milliseconds_count{cluster=\"$cluster\",service=\"$service\", http_status_code!~\"2.*|3.*\", http_route!=\"/actuator/health|/error|/**\"}[$__range])) by (http_route, http_status_code)) or topk(5,sum(rate(http_server_duration_count{cluster=\"$cluster\",service=\"$service\", http_status_code!~\"2.*|3.*\", http_route!=\"/actuator/health|/error|/**\"}[$__range])) by (http_route, http_status_code))",
          "instant": false,
          "legendFormat": "{{http_route}} - {{http_status_code}}",
          "range": true,
          "refId": "A"
        }
      ],
      "title": "Error Rate %(Top 5)",
      "type": "timeseries"
    },
    {
      "datasource": {
        "type": "prometheus",
        "uid": "${datasource}"
      },
      "fieldConfig": {
        "defaults": {
          "color": {
            "mode": "thresholds"
          },
          "custom": {
            "align": "auto",
            "cellOptions": {
              "type": "auto"
            },
            "inspect": false
          },
          "mappings": [
            {
              "options": {
                "NaN": {
                  "index": 0,
                  "text": "0"
                }
              },
              "type": "value"
            }
          ],
          "noValue": "0",
          "thresholds": {
            "mode": "absolute",
            "steps": [
              {
                "color": "green"
              },
              {
                "color": "red",
                "value": 80
              }
            ]
          }
        },
        "overrides": [
          {
            "matcher": {
              "id": "byName",
              "options": "Response Time"
            },
            "properties": [
              {
                "id": "noValue",
                "value": "0"
              },
              {
                "id": "mappings",
                "value": [
                  {
                    "options": {
                      "NaN": {
                        "index": 0,
                        "text": "0"
                      }
                    },
                    "type": "value"
                  }
                ]
              }
            ]
          },
          {
            "matcher": {
              "id": "byName",
              "options": "Error Rate"
            },
            "properties": [
              {
                "id": "mappings",
                "value": [
                  {
                    "options": {
                      "NaN": {
                        "index": 0,
                        "text": "0"
                      }
                    },
                    "type": "value"
                  }
                ]
              }
            ]
          },
          {
            "matcher": {
              "id": "byName",
              "options": "HTTP Route"
            },
            "properties": [
              {
                "id": "links",
                "value": [
                  {
                    "title": "",
                    "url": "https://iamgrafana.growwinfra.in/d/5H-b_c14z/api-performance?orgId=14&var-env=${env}&${teams:queryparam}&var-datasource=f99a1487-a4ab-4be7-beca-76d2ff06dd94&var-cluster=${cluster}&var-service=${__data.fields.Service}&var-http_route=${__data.fields[\"HTTP Route\"]}&var-grpc_method=All"
                  }
                ]
              }
            ]
          }
        ]
      },
      "gridPos": {
        "h": 7,
        "w": 24,
        "x": 0,
        "y": 28
      },
      "id": 209,
      "options": {
        "cellHeight": "sm",
        "footer": {
          "countRows": false,
          "fields": "",
          "reducer": [
            "sum"
          ],
          "show": false
        },
        "showHeader": true,
        "sortBy": [
          {
            "desc": true,
            "displayName": "Throughput"
          }
        ]
      },
      "pluginVersion": "10.4.2",
      "targets": [
        {
          "datasource": {
            "type": "prometheus",
            "uid": "${datasource}"
          },
          "editorMode": "code",
          "exemplar": false,
          "expr": "sum(increase(http_server_duration_milliseconds_count{cluster=\"$cluster\",service=~\"$service\"}[1m])) by (service, http_route) or sum(increase(http_server_duration_count{cluster=\"$cluster\",service=~\"$service\"}[1m])) by (service, http_route)",
          "format": "table",
          "hide": false,
          "instant": true,
          "legendFormat": "{{service}}",
          "range": false,
          "refId": "A"
        },
        {
          "datasource": {
            "type": "prometheus",
            "uid": "${datasource}"
          },
          "editorMode": "code",
          "exemplar": false,
          "expr": "(sum(rate(http_server_duration_sum{cluster=\"$cluster\",service=~\"$service\"}[1m])) by (service, http_route)) / sum(rate(http_server_duration_count{cluster=\"$cluster\",service=~\"$service\"}[1m])) by (service, http_route) or (sum(rate(http_server_duration_milliseconds_sum{cluster=\"$cluster\",service=~\"$service\"}[1m])) by (service, http_route)) / sum(rate(http_server_duration_milliseconds_count{cluster=\"$cluster\",service=~\"$service\"}[1m])) by (service, http_route)",
          "format": "table",
          "hide": false,
          "instant": true,
          "legendFormat": "{{service}}",
          "range": false,
          "refId": "B"
        },
        {
          "datasource": {
            "type": "prometheus",
            "uid": "${datasource}"
          },
          "editorMode": "code",
          "exemplar": false,
          "expr": "histogram_quantile(0.99,sum(rate(http_server_duration_bucket{cluster=\"$cluster\",service=~\"$service\"}[5m])) by (le,service, http_route)) or histogram_quantile(0.99,sum(rate(http_server_duration_milliseconds_bucket{cluster=\"$cluster\",service=~\"$service\"}[5m])) by (le,service, http_route))",
          "format": "table",
          "hide": false,
          "instant": true,
          "legendFormat": "{{service}}",
          "range": false,
          "refId": "C"
        },
        {
          "datasource": {
            "type": "prometheus",
            "uid": "${datasource}"
          },
          "editorMode": "code",
          "exemplar": false,
          "expr": "histogram_quantile(0.95,sum(rate(http_server_duration_bucket{cluster=\"$cluster\",service=~\"$service\"}[5m])) by (le,service, http_route)) or histogram_quantile(0.95,sum(rate(http_server_duration_milliseconds_bucket{cluster=\"$cluster\",service=~\"$service\"}[5m])) by (le,service, http_route))",
          "format": "table",
          "hide": false,
          "instant": true,
          "legendFormat": "{{service}}",
          "range": false,
          "refId": "D"
        },
        {
          "datasource": {
            "type": "prometheus",
            "uid": "${datasource}"
          },
          "editorMode": "code",
          "exemplar": false,
          "expr": "sum(increase(http_server_duration_milliseconds_count{cluster=\"$cluster\",service=~\"$service\",http_status_code!~\"2.*|3.*\"}[1m])) by (service,http_route) / sum(increase(http_server_duration_milliseconds_count{cluster=\"$cluster\",service=~\"$service\"}[1m])) by (service,http_route)  or sum(increase(http_server_duration_count{cluster=\"$cluster\",service=~\"$service\",http_status_code!~\"2.*|3.*\"}[1m])) by (service,http_route) / sum(increase(http_server_duration_count{cluster=\"$cluster\",service=~\"$service\"}[1m])) by (service,http_route) ",
          "format": "table",
          "hide": false,
          "instant": true,
          "legendFormat": "{{service}}",
          "range": false,
          "refId": "E"
        }
      ],
      "title": "All Transactions",
      "transformations": [
        {
          "id": "merge",
          "options": {}
        },
        {
          "id": "groupBy",
          "options": {
            "fields": {
              "Value": {
                "aggregations": [
                  "lastNotNull"
                ],
                "operation": "aggregate"
              },
              "Value #A": {
                "aggregations": [
                  "lastNotNull"
                ],
                "operation": "aggregate"
              },
              "Value #B": {
                "aggregations": [
                  "lastNotNull"
                ],
                "operation": "aggregate"
              },
              "Value #C": {
                "aggregations": [
                  "lastNotNull"
                ],
                "operation": "aggregate"
              },
              "Value #D": {
                "aggregations": [
                  "lastNotNull"
                ],
                "operation": "aggregate"
              },
              "Value #E": {
                "aggregations": [
                  "lastNotNull"
                ],
                "operation": "aggregate"
              },
              "http_route": {
                "aggregations": [],
                "operation": "groupby"
              },
              "service": {
                "aggregations": [],
                "operation": "groupby"
              }
            }
          }
        },
        {
          "id": "organize",
          "options": {
            "excludeByName": {},
            "indexByName": {},
            "renameByName": {
              "Value #A (lastNotNull)": "Throughput",
              "Value #B (lastNotNull)": "Response Time",
              "Value #C (lastNotNull)": "P99 Latency",
              "Value #D (lastNotNull)": "P95 Latency",
              "Value #E (lastNotNull)": "Error Rate",
              "Value (lastNotNull)": "Throughput",
              "http_route": "HTTP Route",
              "service": "Service"
            }
          }
        }
      ],
      "type": "table"
    },
    {
      "datasource": {
        "type": "prometheus",
        "uid": "${datasource}"
      },
      "fieldConfig": {
        "defaults": {
          "color": {
            "mode": "palette-classic"
          },
          "custom": {
            "axisBorderShow": false,
            "axisCenteredZero": false,
            "axisColorMode": "text",
            "axisLabel": "",
            "axisPlacement": "auto",
            "barAlignment": 0,
            "drawStyle": "line",
            "fillOpacity": 0,
            "gradientMode": "none",
            "hideFrom": {
              "legend": false,
              "tooltip": false,
              "viz": false
            },
            "insertNulls": false,
            "lineInterpolation": "linear",
            "lineWidth": 1,
            "pointSize": 5,
            "scaleDistribution": {
              "type": "linear"
            },
            "showPoints": "auto",
            "spanNulls": false,
            "stacking": {
              "group": "A",
              "mode": "none"
            },
            "thresholdsStyle": {
              "mode": "off"
            }
          },
          "mappings": [],
          "thresholds": {
            "mode": "absolute",
            "steps": [
              {
                "color": "green"
              },
              {
                "color": "red",
                "value": 80
              }
            ]
          },
          "unit": "ms"
        },
        "overrides": []
      },
      "gridPos": {
        "h": 8,
        "w": 8,
        "x": 0,
        "y": 35
      },
      "id": 17,
      "options": {
        "legend": {
          "calcs": [],
          "displayMode": "list",
          "placement": "bottom",
          "showLegend": false
        },
        "tooltip": {
          "mode": "single",
          "sort": "none"
        }
      },
      "pluginVersion": "10.4.2",
      "targets": [
        {
          "datasource": {
            "type": "prometheus",
            "uid": "${datasource}"
          },
          "editorMode": "code",
          "expr": "(sum(rate(http_server_duration_sum{cluster=\"$cluster\",service=~\"$service\"}[3m])) by (service,pod)) / sum(rate(http_server_duration_count{cluster=\"$cluster\",service=~\"$service\"}[3m])) by (service,pod)",
          "hide": false,
          "legendFormat": "{{pod}}",
          "range": true,
          "refId": "B"
        },
        {
          "datasource": {
            "type": "prometheus",
            "uid": "${datasource}"
          },
          "editorMode": "code",
          "expr": "(sum(rate(http_server_duration_milliseconds_sum{cluster=\"$cluster\",service=~\"$service\"}[3m])) by (service,pod)) / sum(rate(http_server_duration_milliseconds_count{cluster=\"$cluster\",service=~\"$service\"}[3m])) by (service,pod)",
          "hide": false,
          "legendFormat": "{{pod}}",
          "range": true,
          "refId": "A"
        }
      ],
      "title": "Response Time per host",
      "transformations": [
        {
          "id": "convertFieldType",
          "options": {
            "conversions": [
              {
                "destinationType": "number",
                "targetField": "Value"
              },
              {
                "destinationType": "number",
                "targetField": "Value"
              }
            ],
            "fields": {}
          }
        }
      ],
      "type": "timeseries"
    },
    {
      "datasource": {
        "type": "prometheus",
        "uid": "${datasource}"
      },
      "fieldConfig": {
        "defaults": {
          "color": {
            "mode": "palette-classic"
          },
          "custom": {
            "axisBorderShow": false,
            "axisCenteredZero": false,
            "axisColorMode": "text",
            "axisLabel": "",
            "axisPlacement": "auto",
            "barAlignment": 0,
            "drawStyle": "line",
            "fillOpacity": 0,
            "gradientMode": "none",
            "hideFrom": {
              "legend": false,
              "tooltip": false,
              "viz": false
            },
            "insertNulls": false,
            "lineInterpolation": "linear",
            "lineWidth": 1,
            "pointSize": 5,
            "scaleDistribution": {
              "type": "linear"
            },
            "showPoints": "auto",
            "spanNulls": false,
            "stacking": {
              "group": "A",
              "mode": "none"
            },
            "thresholdsStyle": {
              "mode": "off"
            }
          },
          "mappings": [],
          "thresholds": {
            "mode": "absolute",
            "steps": [
              {
                "color": "green"
              },
              {
                "color": "red",
                "value": 80
              }
            ]
          },
          "unit": "rotrpm"
        },
        "overrides": []
      },
      "gridPos": {
        "h": 8,
        "w": 8,
        "x": 8,
        "y": 35
      },
      "id": 18,
      "options": {
        "legend": {
          "calcs": [],
          "displayMode": "list",
          "placement": "bottom",
          "showLegend": false
        },
        "tooltip": {
          "mode": "single",
          "sort": "none"
        }
      },
      "pluginVersion": "10.4.2",
      "targets": [
        {
          "datasource": {
            "type": "prometheus",
            "uid": "${datasource}"
          },
          "editorMode": "code",
          "expr": "sum(increase(http_server_duration_count{cluster=\"$cluster\",service=~\"$service\"}[1m])) by (service,pod)",
          "legendFormat": "{{pod}}",
          "range": true,
          "refId": "A"
        },
        {
          "datasource": {
            "type": "prometheus",
            "uid": "${datasource}"
          },
          "editorMode": "code",
          "expr": "sum(increase(http_server_duration_milliseconds_count{cluster=\"$cluster\",service=~\"$service\"}[1m])) by (service,pod)",
          "hide": false,
          "legendFormat": "{{pod}}",
          "range": true,
          "refId": "B"
        }
      ],
      "title": "Throughput per host",
      "type": "timeseries"
    },
    {
      "datasource": {
        "type": "prometheus",
        "uid": "${datasource}"
      },
      "fieldConfig": {
        "defaults": {
          "color": {
            "mode": "palette-classic"
          },
          "custom": {
            "axisBorderShow": false,
            "axisCenteredZero": false,
            "axisColorMode": "text",
            "axisLabel": "",
            "axisPlacement": "auto",
            "barAlignment": 0,
            "drawStyle": "line",
            "fillOpacity": 0,
            "gradientMode": "none",
            "hideFrom": {
              "legend": false,
              "tooltip": false,
              "viz": false
            },
            "insertNulls": false,
            "lineInterpolation": "linear",
            "lineWidth": 1,
            "pointSize": 5,
            "scaleDistribution": {
              "type": "linear"
            },
            "showPoints": "auto",
            "spanNulls": false,
            "stacking": {
              "group": "A",
              "mode": "none"
            },
            "thresholdsStyle": {
              "mode": "off"
            }
          },
          "mappings": [
            {
              "options": {
                "match": "empty",
                "result": {
                  "index": 0,
                  "text": "0"
                }
              },
              "type": "special"
            },
            {
              "options": {
                "match": "null+nan",
                "result": {
                  "index": 1,
                  "text": "0"
                }
              },
              "type": "special"
            }
          ],
          "max": 1,
          "thresholds": {
            "mode": "absolute",
            "steps": [
              {
                "color": "green"
              },
              {
                "color": "red",
                "value": 80
              }
            ]
          },
          "unit": "percentunit"
        },
        "overrides": []
      },
      "gridPos": {
        "h": 8,
        "w": 8,
        "x": 16,
        "y": 35
      },
      "id": 19,
      "options": {
        "legend": {
          "calcs": [],
          "displayMode": "list",
          "placement": "bottom",
          "showLegend": false
        },
        "tooltip": {
          "mode": "single",
          "sort": "none"
        }
      },
      "pluginVersion": "10.4.2",
      "targets": [
        {
          "datasource": {
            "type": "prometheus",
            "uid": "${datasource}"
          },
          "editorMode": "code",
          "expr": "sum(increase(http_server_duration_milliseconds_count{cluster=\"$cluster\",service=~\"$service\",http_status_code!~\"2.*|3.*\"}[1m])) by (service,pod) / sum(increase(http_server_duration_milliseconds_count{cluster=\"$cluster\",service=~\"$service\"}[1m])) by (service,pod) ",
          "legendFormat": " {{pod}}",
          "range": true,
          "refId": "A"
        },
        {
          "datasource": {
            "type": "prometheus",
            "uid": "${datasource}"
          },
          "editorMode": "code",
          "expr": "sum(increase(http_server_duration_count{cluster=\"$cluster\",service=~\"$service\",http_status_code!~\"2.*|3.*\"}[1m])) by (service,pod) / sum(increase(http_server_duration_count{cluster=\"$cluster\",service=~\"$service\"}[1m])) by (service,pod) ",
          "hide": false,
          "legendFormat": " {{pod}}",
          "range": true,
          "refId": "B"
        }
      ],
      "title": "Error rate per host",
      "transformations": [
        {
          "id": "convertFieldType",
          "options": {
            "conversions": [
              {
                "destinationType": "number",
                "targetField": "Value"
              },
              {
                "destinationType": "number",
                "targetField": "Value"
              }
            ],
            "fields": {}
          }
        }
      ],
      "type": "timeseries"
    }
  ],
  "schemaVersion": 39,
  "tags": [
    "significance=high",
    "managed-by=observability",
    "type=APM"
  ],
  "templating": {
    "list": [
      {
        "current": {
          "selected": true,
          "text": "prod",
          "value": "prod"
        },
        "hide": 0,
        "includeAll": false,
        "label": "Env",
        "multi": false,
        "name": "env",
        "options": [
          {
            "selected": true,
            "text": "prod",
            "value": "prod"
          },
          {
            "selected": false,
            "text": "release",
            "value": "release"
          }
        ],
        "query": "prod, release",
        "queryValue": "",
        "skipUrlSync": false,
        "type": "custom"
      },
      {
        "current": {
          "selected": true,
          "text": [
            "sbs"
          ],
          "value": [
            "sbs"
          ]
        },
        "datasource": {
          "type": "prometheus",
          "uid": "${datasource}"
        },
        "definition": "label_values(kube_pod_labels{cluster=\"$cluster\"},label_subpod)",
        "hide": 0,
        "includeAll": false,
        "label": "Teams",
        "multi": true,
        "name": "teams",
        "options": [],
        "query": {
          "qryType": 1,
          "query": "label_values(kube_pod_labels{cluster=\"$cluster\"},label_subpod)",
          "refId": "PrometheusVariableQueryEditor-VariableQuery"
        },
        "refresh": 1,
        "regex": "",
        "skipUrlSync": false,
        "sort": 1,
        "type": "query"
      },
      {
        "current": {
          "selected": false,
          "text": "Metrics-invest(Prod&Release)",
          "value": "f99a1487-a4ab-4be7-beca-76d2ff06dd94"
        },
        "hide": 2,
        "includeAll": false,
        "multi": false,
        "name": "datasource",
        "options": [],
        "query": "prometheus",
        "refresh": 1,
        "regex": "",
        "skipUrlSync": false,
        "type": "datasource"
      },
      {
        "current": {
          "selected": false,
          "text": "prod-app-cluster",
          "value": "prod-app-cluster"
        },
        "datasource": {
          "type": "prometheus",
          "uid": "${datasource}"
        },
        "definition": "label_values(otel_scope_info{env=~\"$env\", cluster!~\".*loadtest.*\"},cluster)",
        "hide": 2,
        "includeAll": false,
        "multi": false,
        "name": "cluster",
        "options": [],
        "query": {
          "qryType": 1,
          "query": "label_values(otel_scope_info{env=~\"$env\", cluster!~\".*loadtest.*\"},cluster)",
          "refId": "PrometheusVariableQueryEditor-VariableQuery"
        },
        "refresh": 2,
        "regex": "",
        "skipUrlSync": false,
        "sort": 0,
        "type": "query"
      },
      {
        "current": {
          "selected": false,
          "text": "stocks-portfolio-v2",
          "value": "stocks-portfolio-v2"
        },
        "datasource": {
          "type": "prometheus",
          "uid": "${datasource}"
        },
        "definition": "query_result(otel_scope_info{cluster=~\"$cluster\"} * on (pod) group_left(label_subpod) kube_pod_labels{cluster=\"$cluster\" ,label_subpod=~\"$teams\"})",
        "hide": 0,
        "includeAll": false,
        "multi": false,
        "name": "service",
        "options": [],
        "query": {
          "qryType": 3,
          "query": "query_result(otel_scope_info{cluster=~\"$cluster\"} * on (pod) group_left(label_subpod) kube_pod_labels{cluster=\"$cluster\" ,label_subpod=~\"$teams\"})",
          "refId": "PrometheusVariableQueryEditor-VariableQuery"
        },
        "refresh": 2,
        "regex": "/service=\"(?<value>[^\"]+)\"/",
        "skipUrlSync": false,
        "sort": 0,
        "type": "query"
      },
      {
        "current": {
          "selected": true,
          "text": [
            "All"
          ],
          "value": [
            "$__all"
          ]
        },
        "datasource": {
          "type": "prometheus",
          "uid": "${datasource}"
        },
        "definition": "label_values(otel_scope_info{cluster=\"$cluster\",service=~\"$service\"},pod)",
        "hide": 0,
        "includeAll": true,
        "multi": true,
        "name": "pods",
        "options": [],
        "query": {
          "query": "label_values(otel_scope_info{cluster=\"$cluster\",service=~\"$service\"},pod)",
          "refId": "PrometheusVariableQueryEditor-VariableQuery"
        },
        "refresh": 2,
        "regex": "",
        "skipUrlSync": false,
        "sort": 0,
        "type": "query"
      },
      {
        "current": {
          "selected": false,
          "text": "All",
          "value": "$__all"
        },
        "datasource": {
          "type": "prometheus",
          "uid": "${datasource}"
        },
        "definition": "query_result(process_runtime_jvm_memory_usage_bytes{cluster=~\"$cluster\",service=~\"$service\", type=~\"heap\"}  or process_runtime_jvm_memory_usage{cluster=~\"$cluster\",service=~\"$service\", type=~\"heap\"} )",
        "hide": 2,
        "includeAll": true,
        "multi": false,
        "name": "jvm_memory_pool_heap",
        "options": [],
        "query": {
          "query": "query_result(process_runtime_jvm_memory_usage_bytes{cluster=~\"$cluster\",service=~\"$service\", type=~\"heap\"}  or process_runtime_jvm_memory_usage{cluster=~\"$cluster\",service=~\"$service\", type=~\"heap\"} )",
          "refId": "PrometheusVariableQueryEditor-VariableQuery"
        },
        "refresh": 2,
        "regex": "/pool=\"(?<value>[^\"]+)\"/",
        "skipUrlSync": false,
        "sort": 0,
        "type": "query"
      },
      {
        "current": {
          "selected": false,
          "text": "All",
          "value": "$__all"
        },
        "datasource": {
          "type": "prometheus",
          "uid": "${datasource}"
        },
        "definition": "query_result(process_runtime_jvm_memory_usage{cluster=~\"$cluster\",service=~\"$service\", type=~\"non_heap\"} or process_runtime_jvm_memory_usage_bytes{cluster=~\"$cluster\",service=~\"$service\", type=~\"non_heap\"})",
        "hide": 2,
        "includeAll": true,
        "multi": false,
        "name": "jvm_memory_pool_nonheap",
        "options": [],
        "query": {
          "query": "query_result(process_runtime_jvm_memory_usage{cluster=~\"$cluster\",service=~\"$service\", type=~\"non_heap\"} or process_runtime_jvm_memory_usage_bytes{cluster=~\"$cluster\",service=~\"$service\", type=~\"non_heap\"})",
          "refId": "PrometheusVariableQueryEditor-VariableQuery"
        },
        "refresh": 2,
        "regex": "/pool=\"(?<value>[^\"]+)\"/",
        "skipUrlSync": false,
        "sort": 0,
        "type": "query"
      },
      {
        "current": {
          "selected": false,
          "text": "show",
          "value": "or"
        },
        "hide": 2,
        "includeAll": false,
        "multi": false,
        "name": "enable_compare",
        "options": [
          {
            "selected": false,
            "text": "hide",
            "value": "and"
          },
          {
            "selected": true,
            "text": "show",
            "value": "or"
          }
        ],
        "query": "hide : and, show : or",
        "skipUrlSync": false,
        "type": "custom"
      },
      {
        "current": {
          "selected": false,
          "text": "7d",
          "value": "7d"
        },
        "hide": 2,
        "includeAll": false,
        "multi": false,
        "name": "compare_with",
        "options": [
          {
            "selected": true,
            "text": "7d",
            "value": "7d"
          }
        ],
        "query": "7d",
        "skipUrlSync": false,
        "type": "custom"
      },
      {
        "current": {
          "selected": false,
          "text": "default",
          "value": "default"
        },
        "datasource": {
          "type": "prometheus",
          "uid": "${datasource}"
        },
        "definition": "label_values(otel_scope_info{cluster=\"$cluster\", service=~\"$service\"},namespace)",
        "hide": 2,
        "includeAll": false,
        "multi": false,
        "name": "namespace",
        "options": [],
        "query": {
          "qryType": 1,
          "query": "label_values(otel_scope_info{cluster=\"$cluster\", service=~\"$service\"},namespace)",
          "refId": "PrometheusVariableQueryEditor-VariableQuery"
        },
        "refresh": 1,
        "regex": "",
        "skipUrlSync": false,
        "sort": 0,
        "type": "query"
      },
      {
        "current": {
          "selected": true,
          "text": [
            "All"
          ],
          "value": [
            "$__all"
          ]
        },
        "datasource": {
          "type": "prometheus",
          "uid": "${datasource}"
        },
        "definition": "label_values(kafka_consumer_assigned_partitions{cluster=\"$cluster\",service=~\"$service\"},client_id)",
        "hide": 0,
        "includeAll": true,
        "multi": true,
        "name": "consumerGroup",
        "options": [],
        "query": {
          "query": "label_values(kafka_consumer_assigned_partitions{cluster=\"$cluster\",service=~\"$service\"},client_id)",
          "refId": "PrometheusVariableQueryEditor-VariableQuery"
        },
        "refresh": 1,
        "regex": "",
        "skipUrlSync": false,
        "sort": 0,
        "type": "query"
      },
      {
        "current": {
          "selected": false,
          "text": "stocks-portfolio-v2-rollout",
          "value": "stocks-portfolio-v2-rollout"
        },
        "datasource": {
          "type": "prometheus",
          "uid": "${datasource}"
        },
        "definition": "label_values(namespace_workload_pod:kube_pod_owner:relabel{cluster=\"$cluster\", workload_type=~\"deployment|statefulset\", pod=~\"$pods\"},workload)",
        "hide": 2,
        "includeAll": false,
        "label": "workload",
        "multi": false,
        "name": "workload",
        "options": [],
        "query": {
          "qryType": 1,
          "query": "label_values(namespace_workload_pod:kube_pod_owner:relabel{cluster=\"$cluster\", workload_type=~\"deployment|statefulset\", pod=~\"$pods\"},workload)",
          "refId": "PrometheusVariableQueryEditor-VariableQuery"
        },
        "refresh": 1,
        "regex": "",
        "skipUrlSync": false,
        "sort": 0,
        "type": "query"
      }
    ]
  },
  "time": {
    "from": "now-30m",
    "to": "now"
  },
  "timepicker": {},
  "timezone": "",
  "title": "HTTP Summary",
  "uid": "i3C4_UFVz",
  "version": 57,
  "weekStart": ""
}