{
  "annotations": {
    "list": [
      {
        "builtIn": 1,
        "datasource": {
          "type": "grafana",
          "uid": "-- Grafana --"
        },
        "enable": true,
        "hide": true,
        "iconColor": "rgba(0, 211, 255, 1)",
        "name": "Annotations & Alerts",
        "target": {
          "limit": 100,
          "matchAny": false,
          "tags": [],
          "type": "dashboard"
        },
        "type": "dashboard"
      },
      {
        "datasource": {
          "type": "prometheus",
          "uid": "${datasource}"
        },
        "enable": false,
        "expr": "count(sum(kube_pod_container_info{cluster=~\"$cluster\",pod=~\"$pods\",container!=\"istio-proxy\"})by(image))> 1",
        "iconColor": "blue",
        "name": "New Deploy",
        "titleFormat": "New Deployment"
      }
    ]
  },
  "editable": true,
  "fiscalYearStartMonth": 0,
  "graphTooltip": 0,
  "id": 3616,
  "links": [
    {
      "asDropdown": false,
      "icon": "external link",
      "includeVars": true,
      "keepTime": true,
      "tags": [
        "type=APM"
      ],
      "targetBlank": false,
      "title": "New link",
      "tooltip": "",
      "type": "dashboards",
      "url": ""
    }
  ],
  "liveNow": false,
  "panels": [
    {
      "datasource": {
        "type": "prometheus",
        "uid": "${datasource}"
      },
      "gridPos": {
        "h": 1,
        "w": 24,
        "x": 0,
        "y": 0
      },
      "id": 219,
      "options": {
        "analyticsOptions": {
          "dashboard": "$__dashboard",
          "flatten": false,
          "heartbeatAlways": false,
          "heartbeatInterval": 60,
          "postEnd": false,
          "postHeartbeat": false,
          "postStart": true,
          "server": "https://grafana-analytics.growwinfra.in/write",
          "showDetails": false
        }
      },
      "targets": [
        {
          "datasource": {
            "type": "prometheus",
            "uid": "${datasource}"
          },
          "expr": "",
          "instant": false,
          "range": true,
          "refId": "A"
        }
      ],
      "transparent": true,
      "type": "macropower-analytics-panel"
    },
    {
      "collapsed": false,
      "gridPos": {
        "h": 1,
        "w": 24,
        "x": 0,
        "y": 1
      },
      "id": 109,
      "panels": [],
      "title": "Client Calls (Inbound calls)",
      "type": "row"
    },
    {
      "datasource": {
        "type": "tempo",
        "uid": "a65bc1ba-4c02-466e-9aff-7ee10fa97143"
      },
      "gridPos": {
        "h": 32,
        "w": 24,
        "x": 0,
        "y": 2
      },
      "id": 212,
      "options": {
        "edges": {},
        "nodes": {}
      },
      "targets": [
        {
          "datasource": {
            "type": "tempo",
            "uid": "a65bc1ba-4c02-466e-9aff-7ee10fa97143"
          },
          "limit": 20,
          "queryType": "serviceMap",
          "refId": "A",
          "serviceMapQuery": "{server=~\"$service.*\"}",
          "tableType": "traces"
        }
      ],
      "title": "Inbound calls service graph",
      "type": "nodeGraph"
    },
    {
      "collapsed": false,
      "gridPos": {
        "h": 1,
        "w": 24,
        "x": 0,
        "y": 34
      },
      "id": 15,
      "panels": [],
      "title": "Outbound Calls",
      "type": "row"
    },
    {
      "datasource": {
        "type": "tempo",
        "uid": "a65bc1ba-4c02-466e-9aff-7ee10fa97143"
      },
      "gridPos": {
        "h": 17,
        "w": 24,
        "x": 0,
        "y": 35
      },
      "id": 211,
      "options": {
        "edges": {},
        "nodes": {}
      },
      "targets": [
        {
          "datasource": {
            "type": "tempo",
            "uid": "a65bc1ba-4c02-466e-9aff-7ee10fa97143"
          },
          "limit": 20,
          "queryType": "serviceMap",
          "refId": "A",
          "serviceMapQuery": "{client=~\"$service.*\"}",
          "tableType": "traces"
        }
      ],
      "title": "Outbound service graph",
      "type": "nodeGraph"
    }
  ],
  "refresh": "",
  "revision": 1,
  "schemaVersion": 39,
  "tags": [
    "significance=high",
    "managed-by=observability",
    "type=APM"
  ],
  "templating": {
    "list": [
      {
        "current": {
          "selected": false,
          "text": "prod",
          "value": "prod"
        },
        "hide": 0,
        "includeAll": false,
        "label": "Env",
        "multi": false,
        "name": "env",
        "options": [
          {
            "selected": true,
            "text": "prod",
            "value": "prod"
          },
          {
            "selected": false,
            "text": "release",
            "value": "release"
          }
        ],
        "query": "prod, release",
        "skipUrlSync": false,
        "type": "custom"
      },
      {
        "current": {
          "selected": true,
          "text": [
            "sbs"
          ],
          "value": [
            "sbs"
          ]
        },
        "datasource": {
          "type": "prometheus",
          "uid": "${datasource}"
        },
        "definition": "label_values(kube_pod_labels{cluster=\"$cluster\"},label_subpod)",
        "hide": 0,
        "includeAll": false,
        "label": "Teams",
        "multi": true,
        "name": "teams",
        "options": [],
        "query": {
          "qryType": 1,
          "query": "label_values(kube_pod_labels{cluster=\"$cluster\"},label_subpod)",
          "refId": "PrometheusVariableQueryEditor-VariableQuery"
        },
        "refresh": 1,
        "regex": "",
        "skipUrlSync": false,
        "sort": 0,
        "type": "query"
      },
      {
        "current": {
          "selected": false,
          "text": "Metrics-invest(Prod&Release)",
          "value": "f99a1487-a4ab-4be7-beca-76d2ff06dd94"
        },
        "hide": 2,
        "includeAll": false,
        "multi": false,
        "name": "datasource",
        "options": [],
        "query": "prometheus",
        "queryValue": "",
        "refresh": 1,
        "regex": "",
        "skipUrlSync": false,
        "type": "datasource"
      },
      {
        "current": {
          "selected": false,
          "text": "prod-app-cluster",
          "value": "prod-app-cluster"
        },
        "datasource": {
          "type": "prometheus",
          "uid": "${datasource}"
        },
        "definition": "label_values(otel_scope_info{env=\"$env\", cluster!~\".*loadtest.*\"},cluster)",
        "hide": 2,
        "includeAll": false,
        "multi": false,
        "name": "cluster",
        "options": [],
        "query": {
          "qryType": 1,
          "query": "label_values(otel_scope_info{env=\"$env\", cluster!~\".*loadtest.*\"},cluster)",
          "refId": "PrometheusVariableQueryEditor-VariableQuery"
        },
        "refresh": 2,
        "regex": "",
        "skipUrlSync": false,
        "sort": 0,
        "type": "query"
      },
      {
        "current": {
          "selected": false,
          "text": "stocks-portfolio-v2",
          "value": "stocks-portfolio-v2"
        },
        "datasource": {
          "type": "prometheus",
          "uid": "${datasource}"
        },
        "definition": "query_result(otel_scope_info{cluster=~\"$cluster\"}* on (pod) group_left(label_subpod) kube_pod_labels{cluster=\"$cluster\" ,label_subpod=~\"$teams\"})",
        "hide": 0,
        "includeAll": false,
        "multi": false,
        "name": "service",
        "options": [],
        "query": {
          "qryType": 3,
          "query": "query_result(otel_scope_info{cluster=~\"$cluster\"}* on (pod) group_left(label_subpod) kube_pod_labels{cluster=\"$cluster\" ,label_subpod=~\"$teams\"})",
          "refId": "PrometheusVariableQueryEditor-VariableQuery"
        },
        "refresh": 2,
        "regex": "/service=\"(?<value>[^\"]+)\"/",
        "skipUrlSync": false,
        "sort": 0,
        "type": "query"
      },
      {
        "current": {
          "selected": true,
          "text": [
            "All"
          ],
          "value": [
            "$__all"
          ]
        },
        "datasource": {
          "type": "prometheus",
          "uid": "${datasource}"
        },
        "definition": "label_values(otel_scope_info{cluster=\"$cluster\",service=~\"$service\"},pod)",
        "hide": 0,
        "includeAll": true,
        "multi": true,
        "name": "pods",
        "options": [],
        "query": {
          "query": "label_values(otel_scope_info{cluster=\"$cluster\",service=~\"$service\"},pod)",
          "refId": "PrometheusVariableQueryEditor-VariableQuery"
        },
        "refresh": 2,
        "regex": "",
        "skipUrlSync": false,
        "sort": 0,
        "type": "query"
      },
      {
        "current": {
          "selected": false,
          "text": "All",
          "value": "$__all"
        },
        "datasource": {
          "type": "prometheus",
          "uid": "${datasource}"
        },
        "definition": "query_result(process_runtime_jvm_memory_usage_bytes{cluster=~\"$cluster\",service=~\"$service\", type=~\"heap\"}  or process_runtime_jvm_memory_usage{cluster=~\"$cluster\",service=~\"$service\", type=~\"heap\"} )",
        "hide": 2,
        "includeAll": true,
        "multi": false,
        "name": "jvm_memory_pool_heap",
        "options": [],
        "query": {
          "query": "query_result(process_runtime_jvm_memory_usage_bytes{cluster=~\"$cluster\",service=~\"$service\", type=~\"heap\"}  or process_runtime_jvm_memory_usage{cluster=~\"$cluster\",service=~\"$service\", type=~\"heap\"} )",
          "refId": "PrometheusVariableQueryEditor-VariableQuery"
        },
        "refresh": 2,
        "regex": "/pool=\"(?<value>[^\"]+)\"/",
        "skipUrlSync": false,
        "sort": 0,
        "type": "query"
      },
      {
        "current": {
          "selected": false,
          "text": "All",
          "value": "$__all"
        },
        "datasource": {
          "type": "prometheus",
          "uid": "${datasource}"
        },
        "definition": "query_result(process_runtime_jvm_memory_usage{cluster=~\"$cluster\",service=~\"$service\", type=~\"non_heap\"} or process_runtime_jvm_memory_usage_bytes{cluster=~\"$cluster\",service=~\"$service\", type=~\"non_heap\"})",
        "hide": 2,
        "includeAll": true,
        "multi": false,
        "name": "jvm_memory_pool_nonheap",
        "options": [],
        "query": {
          "query": "query_result(process_runtime_jvm_memory_usage{cluster=~\"$cluster\",service=~\"$service\", type=~\"non_heap\"} or process_runtime_jvm_memory_usage_bytes{cluster=~\"$cluster\",service=~\"$service\", type=~\"non_heap\"})",
          "refId": "PrometheusVariableQueryEditor-VariableQuery"
        },
        "refresh": 2,
        "regex": "/pool=\"(?<value>[^\"]+)\"/",
        "skipUrlSync": false,
        "sort": 0,
        "type": "query"
      },
      {
        "current": {
          "selected": false,
          "text": "show",
          "value": "or"
        },
        "hide": 2,
        "includeAll": false,
        "multi": false,
        "name": "enable_compare",
        "options": [
          {
            "selected": false,
            "text": "hide",
            "value": "and"
          },
          {
            "selected": true,
            "text": "show",
            "value": "or"
          }
        ],
        "query": "hide : and, show : or",
        "queryValue": "",
        "skipUrlSync": false,
        "type": "custom"
      },
      {
        "current": {
          "selected": false,
          "text": "1d",
          "value": "1d"
        },
        "hide": 2,
        "includeAll": false,
        "multi": false,
        "name": "compare_with",
        "options": [
          {
            "selected": true,
            "text": "1d",
            "value": "1d"
          },
          {
            "selected": false,
            "text": "2d",
            "value": "2d"
          },
          {
            "selected": false,
            "text": "3d",
            "value": "3d"
          },
          {
            "selected": false,
            "text": "4d",
            "value": "4d"
          },
          {
            "selected": false,
            "text": "5d",
            "value": "5d"
          },
          {
            "selected": false,
            "text": "6d",
            "value": "6d"
          },
          {
            "selected": false,
            "text": "7d",
            "value": "7d"
          }
        ],
        "query": "1d,2d,3d,4d,5d,6d,7d",
        "queryValue": "",
        "skipUrlSync": false,
        "type": "custom"
      },
      {
        "current": {
          "isNone": true,
          "selected": false,
          "text": "None",
          "value": ""
        },
        "datasource": {
          "type": "prometheus",
          "uid": "${datasource}"
        },
        "definition": "label_values(http_server_duration_sum{cluster=\"$cluster\",service=~\"$service\"},namespace)",
        "hide": 2,
        "includeAll": false,
        "multi": false,
        "name": "namespace",
        "options": [],
        "query": {
          "query": "label_values(http_server_duration_sum{cluster=\"$cluster\",service=~\"$service\"},namespace)",
          "refId": "StandardVariableQuery"
        },
        "refresh": 1,
        "regex": "",
        "skipUrlSync": false,
        "sort": 0,
        "type": "query"
      },
      {
        "current": {
          "selected": true,
          "text": [
            "All"
          ],
          "value": [
            "$__all"
          ]
        },
        "datasource": {
          "type": "prometheus",
          "uid": "${datasource}"
        },
        "definition": "label_values(kafka_consumer_assigned_partitions{cluster=\"$cluster\",service=~\"$service\"},client_id)",
        "hide": 0,
        "includeAll": true,
        "multi": true,
        "name": "consumerGroup",
        "options": [],
        "query": {
          "query": "label_values(kafka_consumer_assigned_partitions{cluster=\"$cluster\",service=~\"$service\"},client_id)",
          "refId": "PrometheusVariableQueryEditor-VariableQuery"
        },
        "refresh": 1,
        "regex": "",
        "skipUrlSync": false,
        "sort": 0,
        "type": "query"
      }
    ]
  },
  "time": {
    "from": "now-30m",
    "to": "now"
  },
  "timepicker": {},
  "timezone": "",
  "title": "Service Graphs",
  "uid": "i3C4_UFVwee",
  "version": 3,
  "weekStart": ""
}