{
    "annotations": {
      "list": [
        {
          "builtIn": 1,
          "datasource": {
            "type": "grafana",
            "uid": "-- Grafana --"
          },
          "enable": true,
          "hide": true,
          "iconColor": "rgba(0, 211, 255, 1)",
          "name": "Annotations & Alerts",
          "target": {
            "limit": 100,
            "matchAny": false,
            "tags": [],
            "type": "dashboard"
          },
          "type": "dashboard"
        },
        {
          "datasource": {
            "type": "prometheus",
            "uid": "${datasource}"
          },
          "enable": false,
          "expr": "count(sum(kube_pod_container_info{cluster=~\"$cluster\",pod=~\"$pods\",container!=\"istio-proxy\"})by(image))> 1",
          "hide": true,
          "iconColor": "blue",
          "name": "New Deploy",
          "titleFormat": "New Deployment"
        }
      ]
    },
    "editable": true,
    "fiscalYearStartMonth": 0,
    "graphTooltip": 0,
    "id": 3496,
    "links": [
      {
        "asDropdown": false,
        "icon": "external link",
        "includeVars": true,
        "keepTime": true,
        "tags": [
          "type=APM"
        ],
        "targetBlank": false,
        "title": "New link",
        "tooltip": "",
        "type": "dashboards",
        "url": ""
      }
    ],
    "panels": [
      {
        "collapsed": false,
        "gridPos": {
          "h": 1,
          "w": 24,
          "x": 0,
          "y": 0
        },
        "id": 222,
        "panels": [],
        "title": "Database operations",
        "type": "row"
      },
      {
        "datasource": {
          "type": "tempo",
          "uid": "a65bc1ba-4c02-466e-9aff-7ee10fa97143"
        },
        "fieldConfig": {
          "defaults": {
            "color": {
              "mode": "thresholds"
            },
            "custom": {
              "align": "center",
              "cellOptions": {
                "type": "color-text"
              },
              "inspect": false
            },
            "mappings": [],
            "thresholds": {
              "mode": "absolute",
              "steps": [
                {
                  "color": "green",
                  "value": null
                },
                {
                  "color": "red",
                  "value": 80
                }
              ]
            }
          },
          "overrides": [
            {
              "matcher": {
                "id": "byName",
                "options": "Duration (lastNotNull)"
              },
              "properties": [
                {
                  "id": "displayName",
                  "value": "Duration"
                }
              ]
            },
            {
              "matcher": {
                "id": "byName",
                "options": "Table"
              },
              "properties": [
                {
                  "id": "custom.width",
                  "value": 188
                }
              ]
            },
            {
              "matcher": {
                "id": "byName",
                "options": "System"
              },
              "properties": [
                {
                  "id": "custom.width",
                  "value": 98
                }
              ]
            },
            {
              "matcher": {
                "id": "byName",
                "options": "Operation"
              },
              "properties": [
                {
                  "id": "custom.width",
                  "value": 110
                }
              ]
            }
          ]
        },
        "gridPos": {
          "h": 7,
          "w": 12,
          "x": 0,
          "y": 1
        },
        "id": 220,
        "options": {
          "cellHeight": "sm",
          "footer": {
            "countRows": false,
            "fields": "",
            "reducer": [
              "sum"
            ],
            "show": false
          },
          "showHeader": true,
          "sortBy": []
        },
        "pluginVersion": "10.4.2",
        "targets": [
          {
            "datasource": {
              "type": "tempo",
              "uid": "a65bc1ba-4c02-466e-9aff-7ee10fa97143"
            },
            "limit": 20,
            "query": "{kind=client && resource.service.name=~\"$service.*\" && span.db.system=~\"mysql\"} | select(span.db.sql.table)| select(span.net.peer.name)|select(span.db.operation)| avg(duration) > 1ms",
            "queryType": "traceql",
            "refId": "A",
            "tableType": "spans"
          }
        ],
        "title": "MYSQL",
        "transformations": [
          {
            "id": "organize",
            "options": {
              "excludeByName": {
                "Duration": true,
                "Name": true,
                "Span ID": true,
                "Start time": true,
                "Trace Name": true,
                "Trace Service": true,
                "kind": true,
                "service.name": true,
                "traceIdHidden": true
              },
              "indexByName": {},
              "renameByName": {
                "avg(duration)": "Duration",
                "db.name": "",
                "db.operation": "Operation",
                "db.sql.table": "Table",
                "db.system": "System",
                "net.peer.name": "DB Host"
              }
            }
          },
          {
            "id": "groupBy",
            "options": {
              "fields": {
                "DB Host": {
                  "aggregations": [],
                  "operation": "groupby"
                },
                "Duration": {
                  "aggregations": [
                    "lastNotNull"
                  ],
                  "operation": "aggregate"
                },
                "Host": {
                  "aggregations": [],
                  "operation": "groupby"
                },
                "Operation": {
                  "aggregations": [],
                  "operation": "groupby"
                },
                "System": {
                  "aggregations": [],
                  "operation": "groupby"
                },
                "Table": {
                  "aggregations": [],
                  "operation": "groupby"
                },
                "avg(duration)": {
                  "aggregations": [
                    "lastNotNull"
                  ],
                  "operation": "aggregate"
                },
                "db.name": {
                  "aggregations": [],
                  "operation": "groupby"
                },
                "db.operation": {
                  "aggregations": [],
                  "operation": "groupby"
                },
                "db.sql.table": {
                  "aggregations": [
                    "lastNotNull"
                  ],
                  "operation": "groupby"
                },
                "db.system": {
                  "aggregations": [
                    "lastNotNull"
                  ],
                  "operation": "groupby"
                },
                "net.peer.name": {
                  "aggregations": [],
                  "operation": "groupby"
                }
              }
            }
          }
        ],
        "type": "table"
      },
      {
        "datasource": {
          "type": "prometheus",
          "uid": "f99a1487-a4ab-4be7-beca-76d2ff06dd94"
        },
        "fieldConfig": {
          "defaults": {
            "color": {
              "mode": "palette-classic"
            },
            "custom": {
              "axisBorderShow": false,
              "axisCenteredZero": false,
              "axisColorMode": "text",
              "axisLabel": "",
              "axisPlacement": "auto",
              "barAlignment": 0,
              "drawStyle": "line",
              "fillOpacity": 0,
              "gradientMode": "none",
              "hideFrom": {
                "legend": false,
                "tooltip": false,
                "viz": false
              },
              "insertNulls": false,
              "lineInterpolation": "linear",
              "lineWidth": 1,
              "pointSize": 5,
              "scaleDistribution": {
                "type": "linear"
              },
              "showPoints": "auto",
              "spanNulls": false,
              "stacking": {
                "group": "A",
                "mode": "none"
              },
              "thresholdsStyle": {
                "mode": "off"
              }
            },
            "mappings": [],
            "thresholds": {
              "mode": "absolute",
              "steps": [
                {
                  "color": "green",
                  "value": null
                },
                {
                  "color": "red",
                  "value": 80
                }
              ]
            },
            "unit": "short"
          },
          "overrides": []
        },
        "gridPos": {
          "h": 8,
          "w": 12,
          "x": 0,
          "y": 8
        },
        "id": 221,
        "options": {
          "legend": {
            "calcs": [],
            "displayMode": "list",
            "placement": "bottom",
            "showLegend": true
          },
          "tooltip": {
            "mode": "single",
            "sort": "none"
          }
        },
        "pluginVersion": "10.4.2",
        "targets": [
          {
            "datasource": {
              "type": "prometheus",
              "uid": "f99a1487-a4ab-4be7-beca-76d2ff06dd94"
            },
            "editorMode": "code",
            "expr": "topk(5, sum(increase(traces_spanmetrics_calls_total{service=~\"$service.*\",span_kind=\"SPAN_KIND_CLIENT\", span_name=~\"SELECT.*|GET.*|DELETE.*|UPDATE.*|EXIST.*|SETEX.*\"}[$__range])) by (span_name))",
            "hide": false,
            "instant": false,
            "legendFormat": "__auto",
            "range": true,
            "refId": "A"
          },
          {
            "datasource": {
              "type": "prometheus",
              "uid": "f99a1487-a4ab-4be7-beca-76d2ff06dd94"
            },
            "editorMode": "code",
            "expr": "sum by (client, server)(rate(traces_service_graph_request_total{server=\"stocks_portfolio\", client=\"stocks-portfolio-v2-rollout\"}[$__rate_interval]))",
            "hide": true,
            "instant": false,
            "legendFormat": "__auto",
            "range": true,
            "refId": "B"
          }
        ],
        "title": "Top 5 DBs by request rate",
        "type": "timeseries"
      },
      {
        "datasource": {
          "type": "prometheus",
          "uid": "${datasource}"
        },
        "gridPos": {
          "h": 1,
          "w": 24,
          "x": 0,
          "y": 16
        },
        "id": 219,
        "options": {
          "analyticsOptions": {
            "dashboard": "$__dashboard",
            "flatten": false,
            "heartbeatAlways": false,
            "heartbeatInterval": 60,
            "postEnd": false,
            "postHeartbeat": false,
            "postStart": true,
            "server": "https://grafana-analytics.growwinfra.in/write",
            "showDetails": false
          }
        },
        "pluginVersion": "2.1.0",
        "targets": [
          {
            "datasource": {
              "type": "prometheus",
              "uid": "${datasource}"
            },
            "expr": "",
            "instant": false,
            "range": true,
            "refId": "A"
          }
        ],
        "transparent": true,
        "type": "macropower-analytics-panel"
      },
      {
        "collapsed": false,
        "gridPos": {
          "h": 1,
          "w": 24,
          "x": 0,
          "y": 17
        },
        "id": 156,
        "panels": [],
        "title": "Database Metrics",
        "type": "row"
      },
      {
        "datasource": {
          "type": "prometheus",
          "uid": "${datasource}"
        },
        "fieldConfig": {
          "defaults": {
            "color": {
              "mode": "palette-classic"
            },
            "custom": {
              "axisBorderShow": false,
              "axisCenteredZero": false,
              "axisColorMode": "text",
              "axisLabel": "",
              "axisPlacement": "auto",
              "barAlignment": 0,
              "drawStyle": "line",
              "fillOpacity": 0,
              "gradientMode": "none",
              "hideFrom": {
                "legend": false,
                "tooltip": false,
                "viz": false
              },
              "insertNulls": false,
              "lineInterpolation": "linear",
              "lineWidth": 1,
              "pointSize": 5,
              "scaleDistribution": {
                "type": "linear"
              },
              "showPoints": "auto",
              "spanNulls": false,
              "stacking": {
                "group": "A",
                "mode": "none"
              },
              "thresholdsStyle": {
                "mode": "off"
              }
            },
            "mappings": [],
            "thresholds": {
              "mode": "absolute",
              "steps": [
                {
                  "color": "green",
                  "value": null
                },
                {
                  "color": "red",
                  "value": 80
                }
              ]
            },
            "unit": "ms"
          },
          "overrides": []
        },
        "gridPos": {
          "h": 8,
          "w": 8,
          "x": 0,
          "y": 18
        },
        "id": 163,
        "options": {
          "legend": {
            "calcs": [],
            "displayMode": "list",
            "placement": "bottom",
            "showLegend": false
          },
          "tooltip": {
            "mode": "single",
            "sort": "none"
          }
        },
        "pluginVersion": "10.4.2",
        "targets": [
          {
            "datasource": {
              "type": "prometheus",
              "uid": "${datasource}"
            },
            "editorMode": "code",
            "expr": "histogram_quantile(0.99,sum(rate(db_client_connections_wait_time_bucket{cluster=~\"$cluster\", service=~\"$service\", pod=~\"$pods\"}[5m])) by (le,service,pool_name)) or histogram_quantile(0.99,sum(rate(db_client_connections_wait_time_milliseconds_bucket{cluster=~\"$cluster\", service=~\"$service\", pod=~\"$pods\"}[5m])) by (le,service,pool_name))",
            "legendFormat": "P99 - {{pool_name}}",
            "range": true,
            "refId": "A"
          },
          {
            "datasource": {
              "type": "prometheus",
              "uid": "${datasource}"
            },
            "editorMode": "code",
            "expr": "histogram_quantile(0.95,sum(rate(db_client_connections_wait_time_bucket{cluster=~\"$cluster\", service=~\"$service\", pod=~\"$pods\"}[5m])) by (le,service,pool_name)) or histogram_quantile(0.95,sum(rate(db_client_connections_wait_time_milliseconds_bucket{cluster=~\"$cluster\", service=~\"$service\", pod=~\"$pods\"}[5m])) by (le,service,pool_name))",
            "hide": false,
            "legendFormat": "P95 - {{pool_name}}",
            "range": true,
            "refId": "B"
          }
        ],
        "title": "Connection Wait time Latency",
        "type": "timeseries"
      },
      {
        "datasource": {
          "type": "prometheus",
          "uid": "${datasource}"
        },
        "fieldConfig": {
          "defaults": {
            "color": {
              "mode": "palette-classic"
            },
            "custom": {
              "axisBorderShow": false,
              "axisCenteredZero": false,
              "axisColorMode": "text",
              "axisLabel": "",
              "axisPlacement": "auto",
              "barAlignment": 0,
              "drawStyle": "line",
              "fillOpacity": 0,
              "gradientMode": "none",
              "hideFrom": {
                "legend": false,
                "tooltip": false,
                "viz": false
              },
              "insertNulls": false,
              "lineInterpolation": "linear",
              "lineWidth": 1,
              "pointSize": 5,
              "scaleDistribution": {
                "type": "linear"
              },
              "showPoints": "auto",
              "spanNulls": false,
              "stacking": {
                "group": "A",
                "mode": "none"
              },
              "thresholdsStyle": {
                "mode": "off"
              }
            },
            "mappings": [],
            "thresholds": {
              "mode": "absolute",
              "steps": [
                {
                  "color": "green",
                  "value": null
                },
                {
                  "color": "red",
                  "value": 80
                }
              ]
            },
            "unit": "ms"
          },
          "overrides": []
        },
        "gridPos": {
          "h": 8,
          "w": 8,
          "x": 8,
          "y": 18
        },
        "id": 166,
        "options": {
          "legend": {
            "calcs": [],
            "displayMode": "list",
            "placement": "bottom",
            "showLegend": false
          },
          "tooltip": {
            "mode": "single",
            "sort": "none"
          }
        },
        "pluginVersion": "10.4.2",
        "targets": [
          {
            "datasource": {
              "type": "prometheus",
              "uid": "${datasource}"
            },
            "editorMode": "code",
            "expr": "histogram_quantile(0.99,sum(rate(db_client_connections_create_time_bucket{cluster=~\"$cluster\",service=~\"$service\",pod=~\"$pods\"}[5m])) by (le,service,pool_name)) or histogram_quantile(0.99,sum(rate(db_client_connections_create_time_milliseconds_bucket{cluster=~\"$cluster\",service=~\"$service\",pod=~\"$pods\"}[5m])) by (le,service,pool_name))",
            "legendFormat": "P99 - {{pool_name}}",
            "range": true,
            "refId": "A"
          },
          {
            "datasource": {
              "type": "prometheus",
              "uid": "${datasource}"
            },
            "editorMode": "code",
            "expr": "histogram_quantile(0.95,sum(rate(db_client_connections_create_time_bucket{cluster=~\"$cluster\",service=~\"$service\",pod=~\"$pods\"}[5m])) by (le,service,pool_name)) or  histogram_quantile(0.95,sum(rate(db_client_connections_create_time_milliseconds_bucket{cluster=~\"$cluster\",service=~\"$service\",pod=~\"$pods\"}[5m])) by (le,service,pool_name))",
            "hide": false,
            "legendFormat": "P95 - {{pool_name}}",
            "range": true,
            "refId": "B"
          }
        ],
        "title": "Connection Create time Latency",
        "type": "timeseries"
      },
      {
        "datasource": {
          "type": "prometheus",
          "uid": "${datasource}"
        },
        "fieldConfig": {
          "defaults": {
            "color": {
              "mode": "palette-classic"
            },
            "custom": {
              "axisBorderShow": false,
              "axisCenteredZero": false,
              "axisColorMode": "text",
              "axisLabel": "",
              "axisPlacement": "auto",
              "barAlignment": 0,
              "drawStyle": "line",
              "fillOpacity": 0,
              "gradientMode": "none",
              "hideFrom": {
                "legend": false,
                "tooltip": false,
                "viz": false
              },
              "insertNulls": false,
              "lineInterpolation": "linear",
              "lineWidth": 1,
              "pointSize": 5,
              "scaleDistribution": {
                "type": "linear"
              },
              "showPoints": "auto",
              "spanNulls": false,
              "stacking": {
                "group": "A",
                "mode": "none"
              },
              "thresholdsStyle": {
                "mode": "off"
              }
            },
            "mappings": [],
            "thresholds": {
              "mode": "absolute",
              "steps": [
                {
                  "color": "green",
                  "value": null
                },
                {
                  "color": "red",
                  "value": 80
                }
              ]
            },
            "unit": "ms"
          },
          "overrides": []
        },
        "gridPos": {
          "h": 8,
          "w": 8,
          "x": 16,
          "y": 18
        },
        "id": 160,
        "options": {
          "legend": {
            "calcs": [],
            "displayMode": "list",
            "placement": "bottom",
            "showLegend": false
          },
          "tooltip": {
            "mode": "single",
            "sort": "none"
          }
        },
        "pluginVersion": "10.4.2",
        "targets": [
          {
            "datasource": {
              "type": "prometheus",
              "uid": "${datasource}"
            },
            "editorMode": "code",
            "expr": "histogram_quantile(0.99,sum(rate(db_client_connections_use_time_bucket{cluster=~\"$cluster\",service=~\"$service\",pod=~\"$pods\"}[5m])) by (le,service,pool_name)) or histogram_quantile(0.99,sum(rate(db_client_connections_use_time_milliseconds_bucket{cluster=~\"$cluster\",service=~\"$service\",pod=~\"$pods\"}[5m])) by (le,service,pool_name))",
            "legendFormat": "P99 - {{pool_name}}",
            "range": true,
            "refId": "A"
          },
          {
            "datasource": {
              "type": "prometheus",
              "uid": "${datasource}"
            },
            "editorMode": "code",
            "expr": "histogram_quantile(0.95,sum(rate(db_client_connections_use_time_bucket{cluster=~\"$cluster\",service=~\"$service\",pod=~\"$pods\"}[5m])) by (le,service,pool_name)) or histogram_quantile(0.95,sum(rate(db_client_connections_use_time_milliseconds_bucket{cluster=~\"$cluster\",service=~\"$service\",pod=~\"$pods\"}[5m])) by (le,service,pool_name))",
            "hide": false,
            "legendFormat": "P95 - {{pool_name}}",
            "range": true,
            "refId": "B"
          }
        ],
        "title": "Connection Use time Latency",
        "type": "timeseries"
      },
      {
        "datasource": {
          "type": "prometheus",
          "uid": "${datasource}"
        },
        "fieldConfig": {
          "defaults": {
            "color": {
              "mode": "palette-classic"
            },
            "custom": {
              "axisBorderShow": false,
              "axisCenteredZero": false,
              "axisColorMode": "text",
              "axisLabel": "",
              "axisPlacement": "auto",
              "barAlignment": 0,
              "drawStyle": "line",
              "fillOpacity": 0,
              "gradientMode": "none",
              "hideFrom": {
                "legend": false,
                "tooltip": false,
                "viz": false
              },
              "insertNulls": false,
              "lineInterpolation": "linear",
              "lineWidth": 1,
              "pointSize": 5,
              "scaleDistribution": {
                "type": "linear"
              },
              "showPoints": "auto",
              "spanNulls": false,
              "stacking": {
                "group": "A",
                "mode": "none"
              },
              "thresholdsStyle": {
                "mode": "off"
              }
            },
            "mappings": [],
            "thresholds": {
              "mode": "absolute",
              "steps": [
                {
                  "color": "green",
                  "value": null
                },
                {
                  "color": "red",
                  "value": 80
                }
              ]
            }
          },
          "overrides": []
        },
        "gridPos": {
          "h": 8,
          "w": 8,
          "x": 0,
          "y": 26
        },
        "id": 152,
        "options": {
          "legend": {
            "calcs": [
              "last",
              "max"
            ],
            "displayMode": "table",
            "placement": "right",
            "showLegend": false
          },
          "tooltip": {
            "mode": "single",
            "sort": "none"
          }
        },
        "pluginVersion": "10.4.2",
        "targets": [
          {
            "datasource": {
              "type": "prometheus",
              "uid": "${datasource}"
            },
            "editorMode": "code",
            "expr": "sum(db_client_connections_max{cluster=~\"$cluster\",service=~\"$service\",pod=~\"$pods\"}) by (pool_name)",
            "legendFormat": "{{pool_name}} - max Connection",
            "range": true,
            "refId": "A"
          },
          {
            "datasource": {
              "type": "prometheus",
              "uid": "${datasource}"
            },
            "editorMode": "code",
            "expr": "sum(db_client_connections_usage{cluster=~\"$cluster\",service=~\"$service\",pod=~\"$pods\"}) by (pool_name,state)",
            "hide": false,
            "legendFormat": "{{pool_name}} - {{state}}",
            "range": true,
            "refId": "B"
          },
          {
            "datasource": {
              "type": "prometheus",
              "uid": "${datasource}"
            },
            "editorMode": "code",
            "expr": "sum(db_client_connections_idle_min{cluster=~\"$cluster\",service=~\"$service\",pod=~\"$pods\"}) by (pool_name)",
            "hide": false,
            "legendFormat": "{{pool_name}} -  Min Idli",
            "range": true,
            "refId": "C"
          }
        ],
        "title": "DB Connection Pool",
        "type": "timeseries"
      },
      {
        "collapsed": false,
        "gridPos": {
          "h": 1,
          "w": 24,
          "x": 0,
          "y": 34
        },
        "id": 141,
        "panels": [],
        "title": "Hikari Metrics",
        "type": "row"
      },
      {
        "datasource": {
          "type": "prometheus",
          "uid": "${datasource}"
        },
        "fieldConfig": {
          "defaults": {
            "color": {
              "mode": "palette-classic"
            },
            "custom": {
              "axisBorderShow": false,
              "axisCenteredZero": false,
              "axisColorMode": "text",
              "axisLabel": "",
              "axisPlacement": "auto",
              "barAlignment": 0,
              "drawStyle": "line",
              "fillOpacity": 0,
              "gradientMode": "none",
              "hideFrom": {
                "legend": false,
                "tooltip": false,
                "viz": false
              },
              "insertNulls": false,
              "lineInterpolation": "linear",
              "lineWidth": 1,
              "pointSize": 5,
              "scaleDistribution": {
                "type": "linear"
              },
              "showPoints": "auto",
              "spanNulls": false,
              "stacking": {
                "group": "A",
                "mode": "none"
              },
              "thresholdsStyle": {
                "mode": "off"
              }
            },
            "mappings": [],
            "thresholds": {
              "mode": "absolute",
              "steps": [
                {
                  "color": "green",
                  "value": null
                },
                {
                  "color": "red",
                  "value": 80
                }
              ]
            }
          },
          "overrides": []
        },
        "gridPos": {
          "h": 8,
          "w": 8,
          "x": 0,
          "y": 35
        },
        "id": 137,
        "options": {
          "legend": {
            "calcs": [
              "last",
              "max"
            ],
            "displayMode": "table",
            "placement": "right",
            "showLegend": false
          },
          "tooltip": {
            "mode": "single",
            "sort": "none"
          }
        },
        "pluginVersion": "10.4.2",
        "targets": [
          {
            "datasource": {
              "type": "prometheus",
              "uid": "${datasource}"
            },
            "editorMode": "code",
            "exemplar": false,
            "expr": "sum(hikaricp_connections_idle{cluster=~\"$cluster\",service=~\"$service\",pod=~\"$pods\"}) by (pool)",
            "format": "time_series",
            "hide": false,
            "instant": false,
            "legendFormat": "{{pool}}-idle connection",
            "range": true,
            "refId": "A"
          },
          {
            "datasource": {
              "type": "prometheus",
              "uid": "${datasource}"
            },
            "editorMode": "code",
            "exemplar": false,
            "expr": "sum(hikaricp_connections_min{cluster=~\"$cluster\",service=~\"$service\",pod=~\"$pods\"}) by (pool)",
            "format": "time_series",
            "hide": false,
            "instant": false,
            "legendFormat": "{{pool}} - min connection",
            "range": true,
            "refId": "B"
          },
          {
            "datasource": {
              "type": "prometheus",
              "uid": "${datasource}"
            },
            "editorMode": "code",
            "exemplar": false,
            "expr": "sum(hikaricp_connections_pending{cluster=~\"$cluster\",service=~\"$service\",pod=~\"$pods\"}) by (pool)",
            "format": "time_series",
            "hide": false,
            "instant": false,
            "legendFormat": "{{pool}} - pending connection",
            "range": true,
            "refId": "C"
          },
          {
            "datasource": {
              "type": "prometheus",
              "uid": "${datasource}"
            },
            "editorMode": "code",
            "exemplar": false,
            "expr": "sum(hikaricp_connections_max{cluster=~\"$cluster\",service=~\"$service\",pod=~\"$pods\"}) by (pool)",
            "format": "time_series",
            "hide": false,
            "instant": false,
            "legendFormat": "{{pool}} - max connection",
            "range": true,
            "refId": "D"
          },
          {
            "datasource": {
              "type": "prometheus",
              "uid": "${datasource}"
            },
            "editorMode": "code",
            "expr": "sum(hikaricp_connections_active{cluster=~\"$cluster\",service=~\"$service\",pod=~\"$pods\"}) by (pool)",
            "format": "time_series",
            "hide": false,
            "legendFormat": "{{pool}} - active connection",
            "range": true,
            "refId": "E"
          }
        ],
        "title": "Hikari Connection Pool",
        "type": "timeseries"
      },
      {
        "datasource": {
          "type": "prometheus",
          "uid": "${datasource}"
        },
        "fieldConfig": {
          "defaults": {
            "color": {
              "mode": "palette-classic"
            },
            "custom": {
              "axisBorderShow": false,
              "axisCenteredZero": false,
              "axisColorMode": "text",
              "axisLabel": "",
              "axisPlacement": "auto",
              "barAlignment": 0,
              "drawStyle": "line",
              "fillOpacity": 0,
              "gradientMode": "none",
              "hideFrom": {
                "legend": false,
                "tooltip": false,
                "viz": false
              },
              "insertNulls": false,
              "lineInterpolation": "linear",
              "lineWidth": 1,
              "pointSize": 5,
              "scaleDistribution": {
                "type": "linear"
              },
              "showPoints": "auto",
              "spanNulls": false,
              "stacking": {
                "group": "A",
                "mode": "none"
              },
              "thresholdsStyle": {
                "mode": "off"
              }
            },
            "mappings": [],
            "thresholds": {
              "mode": "absolute",
              "steps": [
                {
                  "color": "green",
                  "value": null
                },
                {
                  "color": "red",
                  "value": 80
                }
              ]
            },
            "unit": "ms"
          },
          "overrides": []
        },
        "gridPos": {
          "h": 8,
          "w": 8,
          "x": 8,
          "y": 35
        },
        "id": 145,
        "options": {
          "legend": {
            "calcs": [],
            "displayMode": "list",
            "placement": "bottom",
            "showLegend": false
          },
          "tooltip": {
            "mode": "single",
            "sort": "none"
          }
        },
        "pluginVersion": "10.4.2",
        "targets": [
          {
            "datasource": {
              "type": "prometheus",
              "uid": "${datasource}"
            },
            "editorMode": "code",
            "expr": "histogram_quantile(0.99,sum(rate(hikaricp_connections_creation_bucket{cluster=~\"$cluster\",service=~\"$service\",pod=~\"$pods\"}[5m])) by (le,service,pool)) or histogram_quantile(0.99,sum(rate(hikaricp_connections_creation_seconds_bucket{cluster=~\"$cluster\", service=~\"$service\", pod=~\"$pods\"}[5m]))by(le,service, pool))",
            "legendFormat": "p99 - {{pool}}",
            "range": true,
            "refId": "A"
          },
          {
            "datasource": {
              "type": "prometheus",
              "uid": "${datasource}"
            },
            "editorMode": "code",
            "expr": "histogram_quantile(0.95,sum(rate(hikaricp_connections_creation_bucket{cluster=~\"$cluster\",service=~\"$service\",pod=~\"$pods\"}[5m])) by (le,service,pool))or histogram_quantile(0.95,sum(rate(hikaricp_connections_creation_seconds_bucket{cluster=~\"$cluster\",service=~\"$service\",pod=~\"$pods\"}[5m])) by (le,service,pool))",
            "hide": false,
            "legendFormat": "p95 - {{pool}}",
            "range": true,
            "refId": "B"
          }
        ],
        "title": "Connection Creation Latency",
        "type": "timeseries"
      },
      {
        "datasource": {
          "type": "prometheus",
          "uid": "${datasource}"
        },
        "fieldConfig": {
          "defaults": {
            "color": {
              "mode": "palette-classic"
            },
            "custom": {
              "axisBorderShow": false,
              "axisCenteredZero": false,
              "axisColorMode": "text",
              "axisLabel": "",
              "axisPlacement": "auto",
              "barAlignment": 0,
              "drawStyle": "line",
              "fillOpacity": 0,
              "gradientMode": "none",
              "hideFrom": {
                "legend": false,
                "tooltip": false,
                "viz": false
              },
              "insertNulls": false,
              "lineInterpolation": "linear",
              "lineWidth": 1,
              "pointSize": 5,
              "scaleDistribution": {
                "type": "linear"
              },
              "showPoints": "auto",
              "spanNulls": false,
              "stacking": {
                "group": "A",
                "mode": "none"
              },
              "thresholdsStyle": {
                "mode": "off"
              }
            },
            "mappings": [],
            "thresholds": {
              "mode": "absolute",
              "steps": [
                {
                  "color": "green",
                  "value": null
                },
                {
                  "color": "red",
                  "value": 80
                }
              ]
            },
            "unit": "ms"
          },
          "overrides": []
        },
        "gridPos": {
          "h": 8,
          "w": 8,
          "x": 16,
          "y": 35
        },
        "id": 148,
        "options": {
          "legend": {
            "calcs": [],
            "displayMode": "list",
            "placement": "bottom",
            "showLegend": false
          },
          "tooltip": {
            "mode": "single",
            "sort": "none"
          }
        },
        "pluginVersion": "10.4.2",
        "targets": [
          {
            "datasource": {
              "type": "prometheus",
              "uid": "${datasource}"
            },
            "editorMode": "code",
            "expr": "histogram_quantile(0.99,sum(rate(hikaricp_connections_acquire_bucket{cluster=~\"$cluster\",service=~\"$service\",pod=~\"$pods\"}[5m])) by (le,service,pool)) or histogram_quantile(0.99,sum(rate(hikaricp_connections_acquire_seconds_bucket{cluster=~\"$cluster\",service=~\"$service\",pod=~\"$pods\"}[5m])) by (le,service,pool))",
            "legendFormat": "p99 - {{pool}}",
            "range": true,
            "refId": "A"
          },
          {
            "datasource": {
              "type": "prometheus",
              "uid": "${datasource}"
            },
            "editorMode": "code",
            "expr": "histogram_quantile(0.95,sum(rate(hikaricp_connections_acquire_bucket{cluster=~\"$cluster\",service=~\"$service\",pod=~\"$pods\"}[5m])) by (le,service,pool)) or histogram_quantile(0.95,sum(rate(hikaricp_connections_acquire_seconds_bucket{cluster=~\"$cluster\",service=~\"$service\",pod=~\"$pods\"}[5m])) by (le,service,pool))",
            "hide": false,
            "legendFormat": "p95 - {{pool}}",
            "range": true,
            "refId": "B"
          }
        ],
        "title": "Connection Acquire Latency",
        "type": "timeseries"
      }
    ],
    "schemaVersion": 39,
    "tags": [
      "significance=high",
      "managed-by=observability",
      "type=APM"
    ],
    "templating": {
      "list": [
        {
          "current": {
            "selected": false,
            "text": "prod",
            "value": "prod"
          },
          "description": "",
          "hide": 0,
          "includeAll": false,
          "label": "Env",
          "multi": false,
          "name": "env",
          "options": [
            {
              "selected": true,
              "text": "prod",
              "value": "prod"
            },
            {
              "selected": false,
              "text": "release",
              "value": "release"
            }
          ],
          "query": "prod, release",
          "skipUrlSync": false,
          "type": "custom"
        },
        {
          "current": {
            "selected": true,
            "text": [
              "sbs"
            ],
            "value": [
              "sbs"
            ]
          },
          "datasource": {
            "type": "prometheus",
            "uid": "f99a1487-a4ab-4be7-beca-76d2ff06dd94"
          },
          "definition": "label_values(kube_pod_labels{cluster=\"$cluster\"},label_subpod)",
          "hide": 0,
          "includeAll": false,
          "label": "Teams",
          "multi": true,
          "name": "teams",
          "options": [],
          "query": {
            "qryType": 1,
            "query": "label_values(kube_pod_labels{cluster=\"$cluster\"},label_subpod)",
            "refId": "PrometheusVariableQueryEditor-VariableQuery"
          },
          "refresh": 1,
          "regex": "",
          "skipUrlSync": false,
          "sort": 1,
          "type": "query"
        },
        {
          "current": {
            "selected": false,
            "text": "Metrics-invest(Prod&Release)",
            "value": "f99a1487-a4ab-4be7-beca-76d2ff06dd94"
          },
          "hide": 2,
          "includeAll": false,
          "multi": false,
          "name": "datasource",
          "options": [],
          "query": "prometheus",
          "refresh": 1,
          "regex": "",
          "skipUrlSync": false,
          "type": "datasource"
        },
        {
          "current": {
            "selected": false,
            "text": "prod-app-cluster",
            "value": "prod-app-cluster"
          },
          "datasource": {
            "type": "prometheus",
            "uid": "${datasource}"
          },
          "definition": "label_values(otel_scope_info{env=\"$env\", cluster!~\".*loadtest.*\"},cluster)",
          "hide": 2,
          "includeAll": false,
          "multi": false,
          "name": "cluster",
          "options": [],
          "query": {
            "qryType": 1,
            "query": "label_values(otel_scope_info{env=\"$env\", cluster!~\".*loadtest.*\"},cluster)",
            "refId": "PrometheusVariableQueryEditor-VariableQuery"
          },
          "refresh": 2,
          "regex": "",
          "skipUrlSync": false,
          "sort": 0,
          "type": "query"
        },
        {
          "current": {
            "selected": false,
            "text": "stocks-portfolio-v2",
            "value": "stocks-portfolio-v2"
          },
          "datasource": {
            "type": "prometheus",
            "uid": "${datasource}"
          },
          "definition": "query_result(otel_scope_info{cluster=~\"$cluster\"} * on (pod) group_left(label_subpod) kube_pod_labels{cluster=\"$cluster\" ,label_subpod=~\"$teams\"})",
          "hide": 0,
          "includeAll": false,
          "multi": false,
          "name": "service",
          "options": [],
          "query": {
            "qryType": 3,
            "query": "query_result(otel_scope_info{cluster=~\"$cluster\"} * on (pod) group_left(label_subpod) kube_pod_labels{cluster=\"$cluster\" ,label_subpod=~\"$teams\"})",
            "refId": "PrometheusVariableQueryEditor-VariableQuery"
          },
          "refresh": 2,
          "regex": "/service=\"(?<value>[^\"]+)\"/",
          "skipUrlSync": false,
          "sort": 0,
          "type": "query"
        },
        {
          "current": {
            "selected": true,
            "text": [
              "All"
            ],
            "value": [
              "$__all"
            ]
          },
          "datasource": {
            "type": "prometheus",
            "uid": "${datasource}"
          },
          "definition": "label_values(otel_scope_info{cluster=\"$cluster\",service=~\"$service\"},pod)",
          "hide": 0,
          "includeAll": true,
          "multi": true,
          "name": "pods",
          "options": [],
          "query": {
            "query": "label_values(otel_scope_info{cluster=\"$cluster\",service=~\"$service\"},pod)",
            "refId": "PrometheusVariableQueryEditor-VariableQuery"
          },
          "refresh": 2,
          "regex": "",
          "skipUrlSync": false,
          "sort": 0,
          "type": "query"
        },
        {
          "current": {
            "selected": false,
            "text": "All",
            "value": "$__all"
          },
          "datasource": {
            "type": "prometheus",
            "uid": "${datasource}"
          },
          "definition": "query_result(process_runtime_jvm_memory_usage_bytes{cluster=~\"$cluster\",service=~\"$service\", type=~\"heap\"}  or process_runtime_jvm_memory_usage{cluster=~\"$cluster\",service=~\"$service\", type=~\"heap\"} )",
          "hide": 2,
          "includeAll": true,
          "multi": false,
          "name": "jvm_memory_pool_heap",
          "options": [],
          "query": {
            "query": "query_result(process_runtime_jvm_memory_usage_bytes{cluster=~\"$cluster\",service=~\"$service\", type=~\"heap\"}  or process_runtime_jvm_memory_usage{cluster=~\"$cluster\",service=~\"$service\", type=~\"heap\"} )",
            "refId": "PrometheusVariableQueryEditor-VariableQuery"
          },
          "refresh": 2,
          "regex": "/pool=\"(?<value>[^\"]+)\"/",
          "skipUrlSync": false,
          "sort": 0,
          "type": "query"
        },
        {
          "current": {
            "selected": false,
            "text": "All",
            "value": "$__all"
          },
          "datasource": {
            "type": "prometheus",
            "uid": "${datasource}"
          },
          "definition": "query_result(process_runtime_jvm_memory_usage{cluster=~\"$cluster\",service=~\"$service\", type=~\"non_heap\"} or process_runtime_jvm_memory_usage_bytes{cluster=~\"$cluster\",service=~\"$service\", type=~\"non_heap\"})",
          "hide": 2,
          "includeAll": true,
          "multi": false,
          "name": "jvm_memory_pool_nonheap",
          "options": [],
          "query": {
            "query": "query_result(process_runtime_jvm_memory_usage{cluster=~\"$cluster\",service=~\"$service\", type=~\"non_heap\"} or process_runtime_jvm_memory_usage_bytes{cluster=~\"$cluster\",service=~\"$service\", type=~\"non_heap\"})",
            "refId": "PrometheusVariableQueryEditor-VariableQuery"
          },
          "refresh": 2,
          "regex": "/pool=\"(?<value>[^\"]+)\"/",
          "skipUrlSync": false,
          "sort": 0,
          "type": "query"
        },
        {
          "current": {
            "selected": false,
            "text": "show",
            "value": "or"
          },
          "hide": 2,
          "includeAll": false,
          "multi": false,
          "name": "enable_compare",
          "options": [
            {
              "selected": false,
              "text": "hide",
              "value": "and"
            },
            {
              "selected": true,
              "text": "show",
              "value": "or"
            }
          ],
          "query": "hide : and, show : or",
          "skipUrlSync": false,
          "type": "custom"
        },
        {
          "current": {
            "selected": false,
            "text": "1d",
            "value": "1d"
          },
          "hide": 2,
          "includeAll": false,
          "multi": false,
          "name": "compare_with",
          "options": [
            {
              "selected": true,
              "text": "1d",
              "value": "1d"
            },
            {
              "selected": false,
              "text": "2d",
              "value": "2d"
            },
            {
              "selected": false,
              "text": "3d",
              "value": "3d"
            },
            {
              "selected": false,
              "text": "4d",
              "value": "4d"
            },
            {
              "selected": false,
              "text": "5d",
              "value": "5d"
            },
            {
              "selected": false,
              "text": "6d",
              "value": "6d"
            },
            {
              "selected": false,
              "text": "7d",
              "value": "7d"
            }
          ],
          "query": "1d,2d,3d,4d,5d,6d,7d",
          "skipUrlSync": false,
          "type": "custom"
        },
        {
          "current": {
            "isNone": true,
            "selected": false,
            "text": "None",
            "value": ""
          },
          "datasource": {
            "type": "prometheus",
            "uid": "${datasource}"
          },
          "definition": "label_values(http_server_duration_sum{cluster=\"$cluster\",service=~\"$service\"},namespace)",
          "hide": 2,
          "includeAll": false,
          "multi": false,
          "name": "namespace",
          "options": [],
          "query": {
            "query": "label_values(http_server_duration_sum{cluster=\"$cluster\",service=~\"$service\"},namespace)",
            "refId": "StandardVariableQuery"
          },
          "refresh": 1,
          "regex": "",
          "skipUrlSync": false,
          "sort": 0,
          "type": "query"
        },
        {
          "current": {
            "selected": true,
            "text": [
              "All"
            ],
            "value": [
              "$__all"
            ]
          },
          "datasource": {
            "type": "prometheus",
            "uid": "${datasource}"
          },
          "definition": "label_values(kafka_consumer_assigned_partitions{cluster=\"$cluster\",service=~\"$service\"},client_id)",
          "hide": 0,
          "includeAll": true,
          "multi": true,
          "name": "consumerGroup",
          "options": [],
          "query": {
            "query": "label_values(kafka_consumer_assigned_partitions{cluster=\"$cluster\",service=~\"$service\"},client_id)",
            "refId": "PrometheusVariableQueryEditor-VariableQuery"
          },
          "refresh": 1,
          "regex": "",
          "skipUrlSync": false,
          "sort": 0,
          "type": "query"
        }
      ]
    },
    "time": {
      "from": "now-30m",
      "to": "now"
    },
    "timepicker": {},
    "timezone": "",
    "title": "Databases",
    "uid": "i3C4_UFVt",
    "version": 20,
    "weekStart": ""
  }