{
    "annotations": {
      "list": [
        {
          "builtIn": 1,
          "datasource": {
            "type": "grafana",
            "uid": "-- Grafana --"
          },
          "enable": true,
          "hide": true,
          "iconColor": "rgba(0, 211, 255, 1)",
          "name": "Annotations & Alerts",
          "type": "dashboard"
        }
      ]
    },
    "editable": true,
    "fiscalYearStartMonth": 0,
    "graphTooltip": 0,
    "id": 3442,
    "links": [],
    "panels": [
      {
        "datasource": {
          "type": "prometheus",
          "uid": "${datasource}"
        },
        "fieldConfig": {
          "defaults": {
            "color": {
              "fixedColor": "blue",
              "mode": "thresholds"
            },
            "custom": {
              "align": "left",
              "cellOptions": {
                "type": "auto"
              },
              "filterable": false,
              "inspect": false
            },
            "links": [],
            "mappings": [],
            "thresholds": {
              "mode": "absolute",
              "steps": [
                {
                  "color": "green",
                  "value": null
                }
              ]
            },
            "unit": "none"
          },
          "overrides": [
            {
              "matcher": {
                "id": "byName",
                "options": "Throughput"
              },
              "properties": [
                {
                  "id": "unit",
                  "value": "reqpm"
                },
                {
                  "id": "custom.width",
                  "value": 112
                },
                {
                  "id": "links",
                  "value": [
                    {
                      "targetBlank": false,
                      "title": "",
                      "url": "https://iamgrafana.growwinfra.in/d/i3C4_UFVz/http-summary?orgId=14&var-env=prod&var-teams=${__data.fields.teams}&var-datasource=f99a1487-a4ab-4be7-beca-76d2ff06dd94&var-cluster=prod-app-cluster&var-service=${__data.fields.Service}&var-pods=%24__all&var-jvm_memory_pool_heap=%24__all&var-jvm_memory_pool_nonheap=%24__all&var-enable_compare=or&var-compare_with=1d&var-namespace=default&var-consumerGroup=%24__all&viewPanel=5"
                    }
                  ]
                },
                {
                  "id": "custom.align",
                  "value": "center"
                }
              ]
            },
            {
              "matcher": {
                "id": "byName",
                "options": "Error Rate"
              },
              "properties": [
                {
                  "id": "unit",
                  "value": "percentunit"
                },
                {
                  "id": "custom.width",
                  "value": 94
                },
                {
                  "id": "mappings",
                  "value": [
                    {
                      "options": {
                        "from": 0.01,
                        "result": {
                          "color": "red",
                          "index": 0
                        },
                        "to": 1
                      },
                      "type": "range"
                    },
                    {
                      "options": {
                        "from": 0,
                        "result": {
                          "color": "green",
                          "index": 1
                        },
                        "to": 0.009
                      },
                      "type": "range"
                    },
                    {
                      "options": {
                        "match": "null+nan",
                        "result": {
                          "color": "green",
                          "index": 2,
                          "text": "0"
                        }
                      },
                      "type": "special"
                    }
                  ]
                },
                {
                  "id": "links",
                  "value": [
                    {
                      "targetBlank": false,
                      "title": "",
                      "url": "https://iamgrafana.growwinfra.in/d/i3C4_UFVz/http-summary?orgId=14&var-env=prod&var-teams=${__data.fields.teams}&var-datasource=f99a1487-a4ab-4be7-beca-76d2ff06dd94&var-cluster=prod-app-cluster&var-service=${__data.fields.Service}&var-pods=%24__all&var-jvm_memory_pool_heap=%24__all&var-jvm_memory_pool_nonheap=%24__all&var-enable_compare=or&var-compare_with=1d&var-namespace=default&var-consumerGroup=%24__all&viewPanel=8"
                    }
                  ]
                },
                {
                  "id": "custom.cellOptions",
                  "value": {
                    "type": "color-text"
                  }
                },
                {
                  "id": "noValue"
                },
                {
                  "id": "custom.align",
                  "value": "center"
                }
              ]
            },
            {
              "matcher": {
                "id": "byName",
                "options": "CPU Usage"
              },
              "properties": [
                {
                  "id": "unit",
                  "value": "percent"
                },
                {
                  "id": "custom.width",
                  "value": 90
                },
                {
                  "id": "custom.cellOptions",
                  "value": {
                    "mode": "lcd",
                    "type": "gauge",
                    "valueDisplayMode": "color"
                  }
                },
                {
                  "id": "links",
                  "value": [
                    {
                      "targetBlank": false,
                      "title": "",
                      "url": "https://iamgrafana.growwinfra.in/d/ODkrL-k4z/k8s-dashboard?orgId=14&var-datasource=f99a1487-a4ab-4be7-beca-76d2ff06dd94&var-cluster=prod-app-cluster&var-namespace=default&var-workload=${__data.fields.Service}-rollout&var-pod=All&var-node=All&var-search="
                    }
                  ]
                },
                {
                  "id": "custom.align",
                  "value": "center"
                }
              ]
            },
            {
              "matcher": {
                "id": "byName",
                "options": "Memory Usage"
              },
              "properties": [
                {
                  "id": "unit",
                  "value": "percent"
                },
                {
                  "id": "custom.width",
                  "value": 90
                },
                {
                  "id": "custom.cellOptions",
                  "value": {
                    "mode": "lcd",
                    "type": "gauge",
                    "valueDisplayMode": "color"
                  }
                },
                {
                  "id": "links",
                  "value": [
                    {
                      "title": "",
                      "url": "https://iamgrafana.growwinfra.in/d/ODkrL-k4z/k8s-dashboard?orgId=14&var-datasource=f99a1487-a4ab-4be7-beca-76d2ff06dd94&var-cluster=prod-app-cluster&var-namespace=default&var-workload=${__data.fields.Service}-rollout&var-pod=All&var-node=All&var-search="
                    }
                  ]
                },
                {
                  "id": "custom.align",
                  "value": "center"
                }
              ]
            },
            {
              "matcher": {
                "id": "byName",
                "options": "Latency(p99)"
              },
              "properties": [
                {
                  "id": "unit",
                  "value": "ms"
                },
                {
                  "id": "custom.width",
                  "value": 118
                },
                {
                  "id": "links",
                  "value": [
                    {
                      "targetBlank": false,
                      "title": "",
                      "url": "https://iamgrafana.growwinfra.in/d/i3C4_UFVz/http-summary?orgId=14&var-env=prod&var-teams=${__data.fields.teams}&var-datasource=f99a1487-a4ab-4be7-beca-76d2ff06dd94&var-cluster=prod-app-cluster&var-service=${__data.fields.Service}&var-pods=%24__all&var-jvm_memory_pool_heap=%24__all&var-jvm_memory_pool_nonheap=%24__all&var-enable_compare=or&var-compare_with=1d&var-namespace=default&var-consumerGroup=%24__all&viewPanel=13"
                    }
                  ]
                },
                {
                  "id": "custom.align",
                  "value": "center"
                }
              ]
            },
            {
              "matcher": {
                "id": "byName",
                "options": "P95 Latency"
              },
              "properties": [
                {
                  "id": "unit",
                  "value": "ms"
                },
                {
                  "id": "custom.width",
                  "value": 80
                },
                {
                  "id": "custom.cellOptions",
                  "value": {
                    "type": "color-text"
                  }
                },
                {
                  "id": "custom.align",
                  "value": "center"
                }
              ]
            },
            {
              "matcher": {
                "id": "byName",
                "options": "Heap Usage"
              },
              "properties": [
                {
                  "id": "unit",
                  "value": "percent"
                },
                {
                  "id": "custom.width",
                  "value": 90
                },
                {
                  "id": "custom.cellOptions",
                  "value": {
                    "mode": "lcd",
                    "type": "gauge",
                    "valueDisplayMode": "color"
                  }
                },
                {
                  "id": "links",
                  "value": [
                    {
                      "title": "",
                      "url": "https://iamgrafana.growwinfra.in/d/ODkrL-k4z/k8s-dashboard?orgId=14&var-datasource=f99a1487-a4ab-4be7-beca-76d2ff06dd94&var-cluster=prod-app-cluster&var-namespace=default&var-workload=${__data.fields.Service}-rollout&var-pod=All&var-node=All&var-search="
                    }
                  ]
                },
                {
                  "id": "custom.align",
                  "value": "center"
                }
              ]
            },
            {
              "matcher": {
                "id": "byName",
                "options": "Latency(p99) trend"
              },
              "properties": [
                {
                  "id": "custom.cellOptions",
                  "value": {
                    "drawStyle": "line",
                    "fillOpacity": 90,
                    "gradientMode": "opacity",
                    "hideValue": true,
                    "lineInterpolation": "stepBefore",
                    "lineStyle": {
                      "dash": [
                        0,
                        10
                      ],
                      "fill": "solid"
                    },
                    "pointSize": 2,
                    "showPoints": "never",
                    "spanNulls": false,
                    "type": "sparkline"
                  }
                },
                {
                  "id": "color",
                  "value": {
                    "mode": "palette-classic"
                  }
                },
                {
                  "id": "custom.width",
                  "value": 167
                }
              ]
            },
            {
              "matcher": {
                "id": "byName",
                "options": "Error Trend"
              },
              "properties": [
                {
                  "id": "custom.cellOptions",
                  "value": {
                    "drawStyle": "line",
                    "fillOpacity": 91,
                    "gradientMode": "opacity",
                    "hideValue": true,
                    "lineInterpolation": "stepBefore",
                    "showPoints": "always",
                    "spanNulls": false,
                    "type": "sparkline"
                  }
                },
                {
                  "id": "color",
                  "value": {
                    "mode": "palette-classic"
                  }
                },
                {
                  "id": "custom.width",
                  "value": 153
                },
                {
                  "id": "noValue",
                  "value": "---------"
                }
              ]
            },
            {
              "matcher": {
                "id": "byName",
                "options": "CPU Trend"
              },
              "properties": [
                {
                  "id": "custom.cellOptions",
                  "value": {
                    "drawStyle": "line",
                    "fillOpacity": 89,
                    "gradientMode": "opacity",
                    "hideValue": true,
                    "lineInterpolation": "stepBefore",
                    "showPoints": "never",
                    "type": "sparkline"
                  }
                },
                {
                  "id": "color",
                  "value": {
                    "mode": "palette-classic"
                  }
                },
                {
                  "id": "custom.width",
                  "value": 147
                }
              ]
            },
            {
              "matcher": {
                "id": "byName",
                "options": "Memory Trend"
              },
              "properties": [
                {
                  "id": "custom.cellOptions",
                  "value": {
                    "barAlignment": 0,
                    "drawStyle": "line",
                    "fillOpacity": 93,
                    "gradientMode": "opacity",
                    "hideValue": true,
                    "lineInterpolation": "stepBefore",
                    "lineStyle": {
                      "dash": [
                        10,
                        10
                      ],
                      "fill": "solid"
                    },
                    "type": "sparkline"
                  }
                },
                {
                  "id": "color",
                  "value": {
                    "mode": "palette-classic"
                  }
                },
                {
                  "id": "custom.width",
                  "value": 134
                }
              ]
            },
            {
              "matcher": {
                "id": "byName",
                "options": "Heap Trend"
              },
              "properties": [
                {
                  "id": "custom.cellOptions",
                  "value": {
                    "drawStyle": "line",
                    "fillOpacity": 92,
                    "gradientMode": "opacity",
                    "hideValue": true,
                    "lineInterpolation": "stepBefore",
                    "type": "sparkline"
                  }
                },
                {
                  "id": "color",
                  "value": {
                    "mode": "palette-classic"
                  }
                },
                {
                  "id": "custom.width",
                  "value": 120
                }
              ]
            },
            {
              "matcher": {
                "id": "byName",
                "options": "Throughput Trend"
              },
              "properties": [
                {
                  "id": "custom.cellOptions",
                  "value": {
                    "drawStyle": "line",
                    "fillOpacity": 88,
                    "gradientMode": "opacity",
                    "hideValue": true,
                    "lineInterpolation": "stepBefore",
                    "lineStyle": {
                      "dash": [
                        0,
                        10
                      ],
                      "fill": "solid"
                    },
                    "spanNulls": false,
                    "type": "sparkline"
                  }
                },
                {
                  "id": "color",
                  "value": {
                    "mode": "palette-classic"
                  }
                },
                {
                  "id": "custom.width",
                  "value": 139
                }
              ]
            },
            {
              "matcher": {
                "id": "byName",
                "options": "Service"
              },
              "properties": [
                {
                  "id": "custom.width",
                  "value": 250
                },
                {
                  "id": "links",
                  "value": [
                    {
                      "targetBlank": false,
                      "title": "",
                      "url": "https://iamgrafana.growwinfra.in/d/i3C4_UFVz/http-summary?orgId=14&var-env=prod&var-datasource=f99a1487-a4ab-4be7-beca-76d2ff06dd94&var-cluster=prod-app-cluster&var-enable_compare=or&var-compare_with=1d&var-teams=${__data.fields.teams}&var-service=${__value.raw}&var-pods=$__all&var-jvm_memory_pool_heap=$__all&var-jvm_memory_pool_nonheap=$__all&var-namespace=default&var-consumerGroup=$__all"
                    }
                  ]
                },
                {
                  "id": "custom.align",
                  "value": "center"
                }
              ]
            },
            {
              "matcher": {
                "id": "byName",
                "options": "teams"
              },
              "properties": [
                {
                  "id": "custom.hidden",
                  "value": true
                }
              ]
            }
          ]
        },
        "gridPos": {
          "h": 23,
          "w": 24,
          "x": 0,
          "y": 0
        },
        "id": 2,
        "options": {
          "cellHeight": "md",
          "footer": {
            "countRows": false,
            "enablePagination": true,
            "fields": [],
            "reducer": [
              "sum"
            ],
            "show": false
          },
          "frameIndex": 1,
          "showHeader": true,
          "sortBy": [
            {
              "desc": true,
              "displayName": "Error Rate"
            }
          ]
        },
        "pluginVersion": "10.4.2",
        "targets": [
          {
            "datasource": {
              "type": "prometheus",
              "uid": "${datasource}"
            },
            "editorMode": "code",
            "expr": "sum(throughput:new:stocks:all_tier:sum_5m) by (service, label_subpod)\n\nor\n\nsum(throughput:old:stocks:all_tier:sum_5m) by (service,label_subpod)\n\nor \n\nsum(throughput:new:onboarding:all_tier:sum_5m) by (service, label_subpod)\n\nor \n\nsum(throughput:old:onboarding:all_tier:sum_5m) by (service, label_subpod)\n\n",
            "format": "table",
            "hide": false,
            "instant": false,
            "interval": "1m",
            "range": true,
            "refId": "Throughput"
          },
          {
            "datasource": {
              "type": "prometheus",
              "uid": "${datasource}"
            },
            "editorMode": "code",
            "expr": "sum(throughput:new:stocks:all_tier:sum_5m) by (service)\n\nor \n\nsum(throughput:old:stocks:all_tier:sum_5m) by (service)\n\nor\n\nsum(throughput:new:onboarding:all_tier:sum_5m) by (service)\n\nor \n\nsum(throughput:old:onboarding:all_tier:sum_5m) by (service)\n",
            "format": "time_series",
            "hide": false,
            "instant": false,
            "interval": "1m",
            "range": true,
            "refId": "Throughput Trend"
          },
          {
            "datasource": {
              "type": "prometheus",
              "uid": "${datasource}"
            },
            "editorMode": "code",
            "exemplar": false,
            "expr": "sum(error_rate:old:stocks:all_tier:sum_5m) by (service)\n\n or\n \nsum(error_rate:new:stocks:all_tier:sum_5m) by (service)\n\nor\n\nsum(error_rate:old:onboarding:all_tier:sum_5m) by (service)\n\n or\n \nsum(error_rate:new:onboarding:all_tier:sum_5m) by (service)",
            "format": "table",
            "hide": false,
            "instant": true,
            "interval": "1m",
            "legendFormat": "__auto",
            "range": false,
            "refId": "Error rate"
          },
          {
            "datasource": {
              "type": "prometheus",
              "uid": "${datasource}"
            },
            "editorMode": "code",
            "exemplar": false,
            "expr": "sum(error_rate:old:stocks:all_tier:sum_5m) by (service)\n\n or\n \nsum(error_rate:new:stocks:all_tier:sum_5m) by (service)\nor\nsum(error_rate:old:onboarding:all_tier:sum_5m) by (service)\n\n or\n \nsum(error_rate:new:onboarding:all_tier:sum_5m) by (service)",
            "format": "time_series",
            "hide": false,
            "instant": false,
            "interval": "1m",
            "legendFormat": "",
            "range": true,
            "refId": "Error Rate Trend"
          },
          {
            "datasource": {
              "type": "prometheus",
              "uid": "${datasource}"
            },
            "editorMode": "code",
            "exemplar": false,
            "expr": "cpu_usage:service:stocks:p1:sum_5m  * 100\n\nor \n\ncpu_usage:service:stocks:p2:sum_5m  * 100\n\nor \n\ncpu_usage:service:onboarding:sum_5m  * 100\n\n",
            "format": "table",
            "hide": false,
            "instant": true,
            "interval": "1m",
            "legendFormat": "__auto",
            "range": false,
            "refId": "cpu usage"
          },
          {
            "datasource": {
              "type": "prometheus",
              "uid": "${datasource}"
            },
            "editorMode": "code",
            "exemplar": false,
            "expr": "cpu_usage:service:stocks:p1:sum_5m  * 100\n\nor \n\ncpu_usage:service:stocks:p2:sum_5m  * 100\n\nor \n\ncpu_usage:service:onboarding:sum_5m  * 100\n",
            "format": "time_series",
            "hide": false,
            "instant": false,
            "interval": "1m",
            "legendFormat": "",
            "range": true,
            "refId": "CPU Usage Trend"
          },
          {
            "datasource": {
              "type": "prometheus",
              "uid": "${datasource}"
            },
            "editorMode": "code",
            "exemplar": false,
            "expr": "mem_usage:service:stocks:p1:sum_5m* 100\n\nor\nmem_usage:service:stocks:p2:sum_5m* 100\nor \nmem_usage:service:onboarding:sum_5m* 100\n",
            "format": "table",
            "hide": false,
            "instant": true,
            "interval": "1m",
            "legendFormat": "__auto",
            "range": false,
            "refId": "memory usage"
          },
          {
            "datasource": {
              "type": "prometheus",
              "uid": "${datasource}"
            },
            "editorMode": "code",
            "exemplar": false,
            "expr": "mem_usage:service:stocks:p1:sum_5m* 100\n\nor\n\nmem_usage:service:stocks:p2:sum_5m* 100\n\nor \n\nmem_usage:service:onboarding:sum_5m* 100\n",
            "format": "time_series",
            "hide": false,
            "instant": false,
            "interval": "1m",
            "legendFormat": "",
            "range": true,
            "refId": "Memory Usage Trend"
          },
          {
            "datasource": {
              "type": "prometheus",
              "uid": "${datasource}"
            },
            "editorMode": "code",
            "expr": "sum(heap_usage:service:stocks:bytes:sum) by (service)* 100\nor\nsum(heap_usage:service:stocks:mega_bytes:sum) by (service) * 100\nor \nsum(heap_usage:service:onboarding:bytes:sum) by (service)* 100\nor\nsum(heap_usage:service:onboarding:mega_bytes:sum) by (service) * 100\n\n\n\n",
            "format": "table",
            "hide": false,
            "instant": false,
            "interval": "1m",
            "range": true,
            "refId": "Heap"
          },
          {
            "datasource": {
              "type": "prometheus",
              "uid": "${datasource}"
            },
            "editorMode": "code",
            "exemplar": false,
            "expr": "sum(heap_usage:service:stocks:bytes:sum) by (service)* 100\nor\nsum(heap_usage:service:stocks:mega_bytes:sum) by (service) * 100\nor \nsum(heap_usage:service:onboarding:bytes:sum) by (service)* 100\nor\nsum(heap_usage:service:onboarding:mega_bytes:sum) by (service) * 100",
            "format": "time_series",
            "hide": false,
            "instant": false,
            "interval": "1m",
            "legendFormat": "",
            "range": true,
            "refId": "Heap Memory Trend"
          },
          {
            "datasource": {
              "type": "prometheus",
              "uid": "${datasource}"
            },
            "editorMode": "code",
            "expr": "sum(latency:new:stocks:t1:p99) by (service)\nor\nsum(latency:old:stocks:t1:p99) by (service)\nor\nsum(latency:new:stocks:t2:p99) by (service)\nor\nsum(latency:old:stocks:t2:p99) by (service)\nor\nsum(latency:new:stocks:t3:p99) by (service)\nor\nsum(latency:old:stocks:t3:p99) by (service)\nor\nsum(latency:old:stocks_exception:all_tier:p99) by (service)\nor\nsum(latency:new:stocks_exception:all_tier:p99) by (service)\nor\nsum(latency:old:onboarding:all_tier:p99) by (service)\nor\nsum(latency:new:onboarding:all_tier:p99) by (service)",
            "format": "table",
            "hide": false,
            "instant": false,
            "interval": "1m",
            "legendFormat": "__auto",
            "range": true,
            "refId": "Latency_99"
          },
          {
            "datasource": {
              "type": "prometheus",
              "uid": "${datasource}"
            },
            "editorMode": "code",
            "expr": "sum(latency:new:stocks:t1:p99) by (service)\nor\nsum(latency:old:stocks:t1:p99) by (service)\nor\nsum(latency:new:stocks:t2:p99) by (service)\nor\nsum(latency:old:stocks:t2:p99) by (service)\nor\nsum(latency:new:stocks:t3:p99) by (service)\nor\nsum(latency:old:stocks:t3:p99) by (service)\nor\nsum(latency:old:stocks_exception:all_tier:p99) by (service)\nor\nsum(latency:new:stocks_exception:all_tier:p99) by (service)\nor\nsum(latency:old:onboarding:all_tier:p99) by (service)\nor\nsum(latency:new:onboarding:all_tier:p99) by (service)",
            "hide": false,
            "instant": false,
            "interval": "1m",
            "legendFormat": "__auto",
            "range": true,
            "refId": "Latency 99 trend"
          }
        ],
        "title": "",
        "transformations": [
          {
            "id": "timeSeriesTable",
            "options": {}
          },
          {
            "id": "merge",
            "options": {}
          },
          {
            "id": "joinByField",
            "options": {
              "byField": "service",
              "mode": "outer"
            }
          },
          {
            "id": "groupBy",
            "options": {
              "fields": {
                "Trend": {
                  "aggregations": [
                    "lastNotNull"
                  ],
                  "operation": "aggregate"
                },
                "Trend #A": {
                  "aggregations": [
                    "lastNotNull"
                  ],
                  "operation": "aggregate"
                },
                "Trend #CPU Usage Trend": {
                  "aggregations": [
                    "lastNotNull"
                  ],
                  "operation": "aggregate"
                },
                "Trend #Error Rate Trend": {
                  "aggregations": [
                    "lastNotNull"
                  ],
                  "operation": "aggregate"
                },
                "Trend #Heap Memory Trend": {
                  "aggregations": [
                    "lastNotNull"
                  ],
                  "operation": "aggregate"
                },
                "Trend #Latency 99 trend": {
                  "aggregations": [
                    "lastNotNull"
                  ],
                  "operation": "aggregate"
                },
                "Trend #Memory Usage Trend": {
                  "aggregations": [
                    "lastNotNull"
                  ],
                  "operation": "aggregate"
                },
                "Trend #Throughput Trend": {
                  "aggregations": [
                    "lastNotNull"
                  ],
                  "operation": "aggregate"
                },
                "Trend #p95_latency_trend": {
                  "aggregations": [
                    "lastNotNull"
                  ],
                  "operation": "aggregate"
                },
                "Trend #p99_latency_trend": {
                  "aggregations": [
                    "lastNotNull"
                  ],
                  "operation": "aggregate"
                },
                "Value": {
                  "aggregations": [
                    "lastNotNull"
                  ],
                  "operation": "aggregate"
                },
                "Value #A": {
                  "aggregations": [
                    "max"
                  ],
                  "operation": "aggregate"
                },
                "Value #B": {
                  "aggregations": [
                    "max"
                  ],
                  "operation": "aggregate"
                },
                "Value #C": {
                  "aggregations": [
                    "lastNotNull"
                  ],
                  "operation": "aggregate"
                },
                "Value #CPU Usage": {
                  "aggregations": []
                },
                "Value #E": {
                  "aggregations": [],
                  "operation": "aggregate"
                },
                "Value #Error rate": {
                  "aggregations": [
                    "max"
                  ],
                  "operation": "aggregate"
                },
                "Value #Heap": {
                  "aggregations": [
                    "lastNotNull"
                  ],
                  "operation": "aggregate"
                },
                "Value #Latency_99": {
                  "aggregations": [
                    "lastNotNull"
                  ],
                  "operation": "aggregate"
                },
                "Value #P95 Latency": {
                  "aggregations": [
                    "last"
                  ],
                  "operation": "aggregate"
                },
                "Value #P99 Latency": {
                  "aggregations": [
                    "lastNotNull"
                  ],
                  "operation": "aggregate"
                },
                "Value #Response Time": {
                  "aggregations": [
                    "lastNotNull"
                  ],
                  "operation": "aggregate"
                },
                "Value #Throughput": {
                  "aggregations": [
                    "lastNotNull"
                  ],
                  "operation": "aggregate"
                },
                "Value #cpu usage": {
                  "aggregations": [
                    "lastNotNull"
                  ],
                  "operation": "aggregate"
                },
                "Value #memory usage": {
                  "aggregations": [
                    "lastNotNull"
                  ],
                  "operation": "aggregate"
                },
                "label_subpod": {
                  "aggregations": [
                    "lastNotNull"
                  ],
                  "operation": "aggregate"
                },
                "service": {
                  "aggregations": [],
                  "operation": "groupby"
                },
                "workload": {
                  "aggregations": [
                    "last"
                  ],
                  "operation": "groupby"
                }
              }
            }
          },
          {
            "id": "organize",
            "options": {
              "excludeByName": {
                "Value #P95 Latency (last)": true,
                "label_subpod (lastNotNull)": false
              },
              "includeByName": {},
              "indexByName": {
                "Trend #CPU Usage Trend (lastNotNull)": 8,
                "Trend #Error Rate Trend (lastNotNull)": 2,
                "Trend #Heap Memory Trend (lastNotNull)": 12,
                "Trend #Latency 99 trend (lastNotNull)": 6,
                "Trend #Memory Usage Trend (lastNotNull)": 10,
                "Trend #Throughput Trend (lastNotNull)": 4,
                "Value #Error rate (max)": 1,
                "Value #Heap (lastNotNull)": 11,
                "Value #Latency_99 (lastNotNull)": 5,
                "Value #Throughput (lastNotNull)": 3,
                "Value #cpu usage (lastNotNull)": 7,
                "Value #memory usage (lastNotNull)": 9,
                "service": 0
              },
              "renameByName": {
                "Trend #A (lastNotNull)": "CPU Usage Trend",
                "Trend #CPU Usage Trend (lastNotNull)": "CPU Trend",
                "Trend #Error Rate Trend (lastNotNull)": "Error Trend",
                "Trend #Heap Memory Trend (lastNotNull)": "Heap Trend",
                "Trend #Latency 99 trend (lastNotNull)": "Latency(p99) trend",
                "Trend #Memory Usage Trend (lastNotNull)": "Memory Trend",
                "Trend #Throughput Trend (lastNotNull)": "Throughput Trend",
                "Trend #p95_latency_trend (lastNotNull)": "Trend",
                "Trend #p99_latency_trend (lastNotNull)": "P99 Latency Trend",
                "Trend (lastNotNull)": "Throughput Trend",
                "Value #A (lastNotNull)": "Throughput",
                "Value #A (max)": "CPU Usage",
                "Value #B (lastNotNull)": "",
                "Value #B (max)": "Error Rate",
                "Value #C (lastNotNull)": "Response Time",
                "Value #E (lastNotNull)": "Response Time",
                "Value #E (max)": "Error Rate",
                "Value #Error rate (max)": "Error Rate",
                "Value #Heap (lastNotNull)": "Heap Usage",
                "Value #Latency_99 (lastNotNull)": "Latency(p99)",
                "Value #P95 Latency (last)": "P95 ",
                "Value #P95 Latency (lastNotNull)": "P95 Latency",
                "Value #P99 Latency (lastNotNull)": "P99 Latency",
                "Value #Response Time (lastNotNull)": "Response Time",
                "Value #Throughput (lastNotNull)": "Throughput",
                "Value #cpu usage (last)": "CPU Usage",
                "Value #cpu usage (lastNotNull)": "CPU Usage",
                "Value #cpu usage (max)": "CPU Usage",
                "Value #memory usage (last)": "Memory Usage",
                "Value #memory usage (lastNotNull)": "Memory Usage",
                "Value (lastNotNull)": "Throughput",
                "label_subpod (lastNotNull)": "teams",
                "service": "Service"
              }
            }
          }
        ],
        "transparent": true,
        "type": "table"
      }
    ],
    "schemaVersion": 39,
    "tags": [],
    "templating": {
      "list": [
        {
          "current": {
            "text": "Metrics-invest(Prod&Release)",
            "value": "f99a1487-a4ab-4be7-beca-76d2ff06dd94"
          },
          "hide": 2,
          "includeAll": false,
          "label": "datasource",
          "name": "datasource",
          "options": [],
          "query": "prometheus",
          "refresh": 1,
          "regex": "",
          "type": "datasource"
        }
      ]
    },
    "time": {
      "from": "now-10m",
      "to": "now"
    },
    "timepicker": {
      "hidden": true
    },
    "timezone": "",
    "title": "Global drill-down dashboard",
    "uid": "d078ddc9-f81f-4e86-b645-6efd2c35ede3",
    "version": 50,
    "weekStart": ""
  }