{
    "annotations": {
      "list": [
        {
          "builtIn": 1,
          "datasource": {
            "type": "grafana",
            "uid": "-- Grafana --"
          },
          "enable": true,
          "hide": true,
          "iconColor": "rgba(0, 211, 255, 1)",
          "name": "Annotations & Alerts",
          "type": "dashboard"
        }
      ]
    },
    "editable": true,
    "fiscalYearStartMonth": 0,
    "graphTooltip": 0,
    "id": 3438,
    "links": [],
    "liveNow": false,
    "panels": [
      {
        "collapsed": false,
        "gridPos": {
          "h": 1,
          "w": 24,
          "x": 0,
          "y": 0
        },
        "id": 8,
        "panels": [],
        "repeat": "api",
        "repeatDirection": "h",
        "title": "$service - $api",
        "type": "row"
      },
      {
        "datasource": {
          "type": "prometheus",
          "uid": "${datasource}"
        },
        "fieldConfig": {
          "defaults": {
            "color": {
              "mode": "thresholds"
            },
            "links": [
              {
                "targetBlank": false,
                "title": "SLO drill down",
                "url": "https://iamgrafana.growwinfra.in/d/slo-detail/slo-detailed?orgId=14&refresh=30s&var-Datasource=f99a1487-a4ab-4be7-beca-76d2ff06dd94&var-service=${__field.labels.service_name}&var-slo=${__field.labels.slo_name}&var-slo_window=1%2Bhour"
              },
              {
                "targetBlank": false,
                "title": "Global app drill down ",
                "url": "https://iamgrafana.growwinfra.in/d/d078ddc9-f81f-4e86-b645-6efd2c35ede3/global-drill-down-dashboard?orgId=14"
              }
            ],
            "mappings": [
              {
                "options": {
                  "from": 0.999,
                  "result": {
                    "color": "green",
                    "index": 0
                  },
                  "to": 1
                },
                "type": "range"
              },
              {
                "options": {
                  "from": 0,
                  "result": {
                    "color": "red",
                    "index": 1
                  },
                  "to": 0.998
                },
                "type": "range"
              }
            ],
            "thresholds": {
              "mode": "percentage",
              "steps": [
                {
                  "color": "green",
                  "value": null
                }
              ]
            },
            "unit": "percentunit"
          },
          "overrides": []
        },
        "gridPos": {
          "h": 4,
          "w": 3,
          "x": 0,
          "y": 1
        },
        "id": 1,
        "options": {
          "colorMode": "background_solid",
          "graphMode": "area",
          "justifyMode": "center",
          "orientation": "auto",
          "reduceOptions": {
            "calcs": [
              "lastNotNull"
            ],
            "fields": "",
            "values": false
          },
          "showPercentChange": false,
          "textMode": "value_and_name",
          "wideLayout": false
        },
        "pluginVersion": "10.4.2",
        "targets": [
          {
            "datasource": {
              "type": "prometheus",
              "uid": "${datasource}"
            },
            "editorMode": "code",
            "expr": "sli_measurement{slo_name=\"availability\", service_name=\"$service\",error_budget_policy_step_name=\"1+hour\", api=\"$api\"} or sli_measurement{slo_name=\"availability\", service_name=\"$service\",error_budget_policy_step_name=\"1+hour\"} ",
            "instant": false,
            "legendFormat": "{{service_name}} {{api}}",
            "range": true,
            "refId": "A"
          }
        ],
        "title": "Availability[1h]",
        "type": "stat"
      },
      {
        "datasource": {
          "type": "prometheus",
          "uid": "${datasource}"
        },
        "fieldConfig": {
          "defaults": {
            "color": {
              "mode": "thresholds"
            },
            "links": [
              {
                "title": "SLO detailed",
                "url": "https://iamgrafana.growwinfra.in/d/slo-detail/slo-detailed?orgId=14&refresh=30s&var-Datasource=f99a1487-a4ab-4be7-beca-76d2ff06dd94&var-service=${__field.labels.service_name}&var-slo=${__field.labels.slo_name}&var-slo_window=1%2Bhour"
              }
            ],
            "mappings": [
              {
                "options": {
                  "from": 0,
                  "result": {
                    "color": "red",
                    "index": 0
                  },
                  "to": 0.5099
                },
                "type": "range"
              },
              {
                "options": {
                  "from": 0.51,
                  "result": {
                    "color": "yellow",
                    "index": 1
                  },
                  "to": 0.8999
                },
                "type": "range"
              },
              {
                "options": {
                  "from": 0.9,
                  "result": {
                    "color": "green",
                    "index": 2
                  },
                  "to": 1
                },
                "type": "range"
              },
              {
                "options": {
                  "from": -10000,
                  "result": {
                    "color": "red",
                    "index": 3
                  },
                  "to": -0.0001
                },
                "type": "range"
              }
            ],
            "thresholds": {
              "mode": "percentage",
              "steps": [
                {
                  "color": "green",
                  "value": null
                }
              ]
            },
            "unit": "percentunit"
          },
          "overrides": []
        },
        "gridPos": {
          "h": 4,
          "w": 3,
          "x": 3,
          "y": 1
        },
        "id": 3,
        "options": {
          "colorMode": "background_solid",
          "graphMode": "area",
          "justifyMode": "center",
          "orientation": "auto",
          "reduceOptions": {
            "calcs": [],
            "fields": "",
            "values": false
          },
          "showPercentChange": false,
          "textMode": "value_and_name",
          "wideLayout": false
        },
        "pluginVersion": "10.4.2",
        "targets": [
          {
            "datasource": {
              "type": "prometheus",
              "uid": "${datasource}"
            },
            "editorMode": "code",
            "expr": "1 - (error_budget_measurement{slo_name=\"availability\", service_name=\"$service\", error_budget_policy_step_name=\"28+days\", api=\"$api\"})",
            "hide": true,
            "instant": false,
            "legendFormat": "{{service_name}} {{api}}",
            "range": true,
            "refId": "A"
          },
          {
            "datasource": {
              "type": "prometheus",
              "uid": "${datasource}"
            },
            "editorMode": "code",
            "expr": "error_budget_remaining_minutes{slo_name=\"availability\", service_name=\"$service\", error_budget_policy_step_name=\"1+hour\", api=\"$api\"} / error_budget_minutes{slo_name=\"availability\", service_name=\"$service\", error_budget_policy_step_name=\"1+hour\", api=\"$api\"}\n\nor \n\nerror_budget_remaining_minutes{slo_name=\"availability\", service_name=\"$service\", error_budget_policy_step_name=\"1+hour\"} / error_budget_minutes{slo_name=\"availability\", service_name=\"$service\", error_budget_policy_step_name=\"1+hour\"}",
            "hide": false,
            "instant": false,
            "legendFormat": "{{service_name}} {{api}}",
            "range": true,
            "refId": "B"
          },
          {
            "datasource": {
              "type": "prometheus",
              "uid": "${datasource}"
            },
            "editorMode": "code",
            "expr": "100 - (error_budget_measurement{slo_name=\"availability\", service_name=\"$service\", error_budget_policy_step_name=\"1+hour\", api=\"$api\"} / error_budget_target{slo_name=\"availability\", service_name=\"$service\", error_budget_policy_step_name=\"1+hour\", api=\"$api\"})",
            "hide": true,
            "instant": false,
            "legendFormat": "{{service_name}} {{api}}",
            "range": true,
            "refId": "C"
          }
        ],
        "title": "Remaining error budget[28d]",
        "type": "stat"
      },
      {
        "datasource": {
          "type": "prometheus",
          "uid": "${datasource}"
        },
        "fieldConfig": {
          "defaults": {
            "color": {
              "mode": "palette-classic"
            },
            "custom": {
              "axisBorderShow": true,
              "axisCenteredZero": false,
              "axisColorMode": "text",
              "axisGridShow": false,
              "axisLabel": "",
              "axisPlacement": "auto",
              "barAlignment": 0,
              "drawStyle": "line",
              "fillOpacity": 0,
              "gradientMode": "opacity",
              "hideFrom": {
                "legend": false,
                "tooltip": false,
                "viz": false
              },
              "insertNulls": false,
              "lineInterpolation": "linear",
              "lineWidth": 1,
              "pointSize": 6,
              "scaleDistribution": {
                "type": "linear"
              },
              "showPoints": "auto",
              "spanNulls": false,
              "stacking": {
                "group": "A",
                "mode": "none"
              },
              "thresholdsStyle": {
                "mode": "off"
              }
            },
            "mappings": [],
            "thresholds": {
              "mode": "absolute",
              "steps": [
                {
                  "color": "green",
                  "value": null
                },
                {
                  "color": "red",
                  "value": 80
                }
              ]
            },
            "unit": "short"
          },
          "overrides": []
        },
        "gridPos": {
          "h": 4,
          "w": 10,
          "x": 6,
          "y": 1
        },
        "id": 4,
        "options": {
          "legend": {
            "calcs": [
              "lastNotNull"
            ],
            "displayMode": "table",
            "placement": "right",
            "showLegend": true
          },
          "tooltip": {
            "mode": "single",
            "sort": "none"
          }
        },
        "pluginVersion": "10.2.1",
        "targets": [
          {
            "datasource": {
              "type": "prometheus",
              "uid": "${datasource}"
            },
            "editorMode": "code",
            "expr": "error_budget_burn_rate{slo_name=\"availability\", service_name=\"$service\", error_budget_policy_step_name=\"1+hour\", api=\"$api\"}\n\nor \n\nerror_budget_burn_rate{slo_name=\"availability\", service_name=\"$service\", error_budget_policy_step_name=\"1+hour\"}",
            "instant": false,
            "legendFormat": "{{service_name}} - {{api}}",
            "range": true,
            "refId": "A"
          }
        ],
        "title": "Error budget burn rate",
        "type": "timeseries"
      },
      {
        "datasource": {
          "type": "prometheus",
          "uid": "${datasource}"
        },
        "fieldConfig": {
          "defaults": {
            "color": {
              "mode": "thresholds"
            },
            "links": [
              {
                "targetBlank": false,
                "title": "SLO Drill down",
                "url": "https://iamgrafana.growwinfra.in/d/slo-detail/slo-detailed?orgId=14&refresh=30s&var-Datasource=f99a1487-a4ab-4be7-beca-76d2ff06dd94&var-service=${__field.labels.service_name}&var-slo=${__field.labels.slo_name}&var-slo_window=1%2Bhour"
              },
              {
                "targetBlank": false,
                "title": "Global drill down dashboard ",
                "url": "https://iamgrafana.growwinfra.in/d/d078ddc9-f81f-4e86-b645-6efd2c35ede3/global-drill-down-dashboard?orgId=14"
              }
            ],
            "mappings": [
              {
                "options": {
                  "from": 0.999,
                  "result": {
                    "color": "green",
                    "index": 0
                  },
                  "to": 1
                },
                "type": "range"
              },
              {
                "options": {
                  "from": 0,
                  "result": {
                    "color": "red",
                    "index": 1
                  },
                  "to": 0.998
                },
                "type": "range"
              }
            ],
            "thresholds": {
              "mode": "percentage",
              "steps": [
                {
                  "color": "green",
                  "value": null
                }
              ]
            },
            "unit": "percentunit"
          },
          "overrides": []
        },
        "gridPos": {
          "h": 4,
          "w": 3,
          "x": 0,
          "y": 5
        },
        "id": 5,
        "options": {
          "colorMode": "background_solid",
          "graphMode": "area",
          "justifyMode": "center",
          "orientation": "auto",
          "reduceOptions": {
            "calcs": [
              "lastNotNull"
            ],
            "fields": "",
            "values": false
          },
          "showPercentChange": false,
          "textMode": "value_and_name",
          "wideLayout": false
        },
        "pluginVersion": "10.4.2",
        "targets": [
          {
            "datasource": {
              "type": "prometheus",
              "uid": "${datasource}"
            },
            "editorMode": "code",
            "expr": "sli_measurement{slo_name=\"latency\", service_name=~\"$service\",error_budget_policy_step_name=\"1+hour\", api=\"$api\"} \n\nor \n\nsli_measurement{slo_name=\"latency\", service_name=~\"$service\",error_budget_policy_step_name=\"1+hour\"} ",
            "instant": false,
            "legendFormat": "{{service_name}} {{api}}",
            "range": true,
            "refId": "A"
          }
        ],
        "title": "Latency[1h]",
        "type": "stat"
      },
      {
        "datasource": {
          "type": "prometheus",
          "uid": "${datasource}"
        },
        "fieldConfig": {
          "defaults": {
            "color": {
              "mode": "thresholds"
            },
            "links": [
              {
                "targetBlank": false,
                "title": "SLO drill down",
                "url": "https://iamgrafana.growwinfra.in/d/slo-detail/slo-detailed?orgId=14&refresh=30s&var-Datasource=f99a1487-a4ab-4be7-beca-76d2ff06dd94&var-service=${__field.labels.service_name}&var-slo=${__field.labels.slo_name}&var-slo_window=1%2Bhour"
              }
            ],
            "mappings": [
              {
                "options": {
                  "from": 0,
                  "result": {
                    "color": "red",
                    "index": 0
                  },
                  "to": 0.5099
                },
                "type": "range"
              },
              {
                "options": {
                  "from": 0.51,
                  "result": {
                    "color": "yellow",
                    "index": 1
                  },
                  "to": 0.8999
                },
                "type": "range"
              },
              {
                "options": {
                  "from": 0.9,
                  "result": {
                    "color": "green",
                    "index": 2
                  },
                  "to": 1
                },
                "type": "range"
              },
              {
                "options": {
                  "from": -10000,
                  "result": {
                    "color": "red",
                    "index": 3
                  },
                  "to": -0.000001
                },
                "type": "range"
              }
            ],
            "thresholds": {
              "mode": "percentage",
              "steps": [
                {
                  "color": "green",
                  "value": null
                }
              ]
            },
            "unit": "percentunit"
          },
          "overrides": []
        },
        "gridPos": {
          "h": 4,
          "w": 3,
          "x": 3,
          "y": 5
        },
        "id": 6,
        "options": {
          "colorMode": "background_solid",
          "graphMode": "area",
          "justifyMode": "center",
          "orientation": "auto",
          "reduceOptions": {
            "calcs": [
              "lastNotNull"
            ],
            "fields": "",
            "values": false
          },
          "showPercentChange": false,
          "textMode": "value_and_name",
          "wideLayout": false
        },
        "pluginVersion": "10.4.2",
        "targets": [
          {
            "datasource": {
              "type": "prometheus",
              "uid": "${datasource}"
            },
            "editorMode": "code",
            "expr": "1 - (error_budget_measurement{slo_name=\"latency\", service_name=~\"$service\",error_budget_policy_step_name=\"28+days\"} )",
            "hide": true,
            "instant": false,
            "legendFormat": "{{service_name}} {{api}}",
            "range": true,
            "refId": "A"
          },
          {
            "datasource": {
              "type": "prometheus",
              "uid": "${datasource}"
            },
            "editorMode": "code",
            "expr": "error_budget_remaining_minutes{slo_name=\"latency\", service_name=\"$service\", error_budget_policy_step_name=\"1+hour\", api=\"$api\"} / error_budget_minutes{slo_name=\"latency\", service_name=\"$service\", error_budget_policy_step_name=\"1+hour\", api=\"$api\"}\n\nor \n\nerror_budget_remaining_minutes{slo_name=\"latency\", service_name=\"$service\", error_budget_policy_step_name=\"1+hour\"} / error_budget_minutes{slo_name=\"latency\", service_name=\"$service\", error_budget_policy_step_name=\"1+hour\"}",
            "hide": false,
            "instant": false,
            "legendFormat": "{{service_name}} {{api}}",
            "range": true,
            "refId": "B"
          },
          {
            "datasource": {
              "type": "prometheus",
              "uid": "${datasource}"
            },
            "editorMode": "code",
            "expr": "100 - (error_budget_measurement{slo_name=\"latency\", service_name=\"$service\", error_budget_policy_step_name=\"1+hour\"} / error_budget_target{slo_name=\"latency\", service_name=\"$service\", error_budget_policy_step_name=\"1+hour\"})",
            "hide": true,
            "instant": false,
            "legendFormat": "{{service_name}} {{api}}",
            "range": true,
            "refId": "C"
          }
        ],
        "title": "Remaining error budget[28d]",
        "type": "stat"
      },
      {
        "datasource": {
          "type": "prometheus",
          "uid": "${datasource}"
        },
        "fieldConfig": {
          "defaults": {
            "color": {
              "mode": "palette-classic"
            },
            "custom": {
              "axisBorderShow": false,
              "axisCenteredZero": false,
              "axisColorMode": "text",
              "axisGridShow": false,
              "axisLabel": "",
              "axisPlacement": "auto",
              "barAlignment": 0,
              "drawStyle": "line",
              "fillOpacity": 0,
              "gradientMode": "none",
              "hideFrom": {
                "legend": false,
                "tooltip": false,
                "viz": false
              },
              "insertNulls": false,
              "lineInterpolation": "linear",
              "lineWidth": 1,
              "pointSize": 5,
              "scaleDistribution": {
                "type": "linear"
              },
              "showPoints": "auto",
              "spanNulls": false,
              "stacking": {
                "group": "A",
                "mode": "none"
              },
              "thresholdsStyle": {
                "mode": "off"
              }
            },
            "mappings": [],
            "thresholds": {
              "mode": "absolute",
              "steps": [
                {
                  "color": "green",
                  "value": null
                },
                {
                  "color": "red",
                  "value": 80
                }
              ]
            },
            "unit": "short"
          },
          "overrides": []
        },
        "gridPos": {
          "h": 4,
          "w": 10,
          "x": 6,
          "y": 5
        },
        "id": 7,
        "options": {
          "legend": {
            "calcs": [
              "lastNotNull"
            ],
            "displayMode": "table",
            "placement": "right",
            "showLegend": true
          },
          "tooltip": {
            "mode": "single",
            "sort": "none"
          }
        },
        "pluginVersion": "10.2.1",
        "targets": [
          {
            "datasource": {
              "type": "prometheus",
              "uid": "${datasource}"
            },
            "editorMode": "code",
            "expr": "error_budget_burn_rate{slo_name=\"latency\", service_name=\"$service\", error_budget_policy_step_name=\"1+hour\", api=\"$api\"}\n\nor \n\nerror_budget_burn_rate{slo_name=\"latency\", service_name=\"$service\", error_budget_policy_step_name=\"1+hour\"}",
            "instant": false,
            "legendFormat": "{{service_name}} - {{api}}",
            "range": true,
            "refId": "A"
          }
        ],
        "title": "Error budget burn rate",
        "type": "timeseries"
      }
    ],
    "refresh": "",
    "schemaVersion": 39,
    "tags": [],
    "templating": {
      "list": [
        {
          "current": {
            "selected": true,
            "text": [
              "stocks-primary-market"
            ],
            "value": [
              "stocks-primary-market"
            ]
          },
          "datasource": {
            "type": "prometheus",
            "uid": "f99a1487-a4ab-4be7-beca-76d2ff06dd94"
          },
          "definition": "label_values(kube_pod_labels,label_subpod)",
          "hide": 0,
          "includeAll": false,
          "label": "Teams",
          "multi": true,
          "name": "teams",
          "options": [],
          "query": {
            "qryType": 1,
            "query": "label_values(kube_pod_labels,label_subpod)",
            "refId": "PrometheusVariableQueryEditor-VariableQuery"
          },
          "refresh": 1,
          "regex": "",
          "skipUrlSync": false,
          "sort": 0,
          "type": "query"
        },
        {
          "current": {
            "selected": true,
            "text": [
              "groww-primary-market",
              "stocks-ipo",
              "stocks-ipo-backoffice"
            ],
            "value": [
              "groww-primary-market",
              "stocks-ipo",
              "stocks-ipo-backoffice"
            ]
          },
          "datasource": {
            "type": "prometheus",
            "uid": "f99a1487-a4ab-4be7-beca-76d2ff06dd94"
          },
          "definition": "query_result(otel_scope_info{cluster=~\"prod-app-cluster\"} * on (pod) group_left(label_subpod) kube_pod_labels{cluster=\"prod-app-cluster\" ,label_subpod=~\"$teams\"})",
          "hide": 0,
          "includeAll": true,
          "multi": true,
          "name": "service",
          "options": [],
          "query": {
            "qryType": 3,
            "query": "query_result(otel_scope_info{cluster=~\"prod-app-cluster\"} * on (pod) group_left(label_subpod) kube_pod_labels{cluster=\"prod-app-cluster\" ,label_subpod=~\"$teams\"})",
            "refId": "PrometheusVariableQueryEditor-VariableQuery"
          },
          "refresh": 1,
          "regex": "/service=\"(?<value>[^\"]+)\"/",
          "skipUrlSync": false,
          "sort": 1,
          "type": "query"
        },
        {
          "current": {
            "selected": false,
            "text": "Metrics-invest(Prod&Release)",
            "value": "f99a1487-a4ab-4be7-beca-76d2ff06dd94"
          },
          "hide": 2,
          "includeAll": false,
          "label": "datasource",
          "multi": false,
          "name": "datasource",
          "options": [],
          "query": "prometheus",
          "queryValue": "",
          "refresh": 1,
          "regex": "",
          "skipUrlSync": false,
          "type": "datasource"
        },
        {
          "current": {
            "selected": false,
            "text": "All",
            "value": "$__all"
          },
          "datasource": {
            "type": "prometheus",
            "uid": "f99a1487-a4ab-4be7-beca-76d2ff06dd94"
          },
          "definition": "label_values(slo_target{service_name=~\"$service\"},api)",
          "hide": 0,
          "includeAll": true,
          "multi": true,
          "name": "api",
          "options": [],
          "query": {
            "qryType": 1,
            "query": "label_values(slo_target{service_name=~\"$service\"},api)",
            "refId": "PrometheusVariableQueryEditor-VariableQuery"
          },
          "refresh": 1,
          "regex": "",
          "skipUrlSync": false,
          "sort": 0,
          "type": "query"
        }
      ]
    },
    "time": {
      "from": "now-1h",
      "to": "now"
    },
    "timepicker": {},
    "timezone": "",
    "title": "Global app view",
    "uid": "fa08a811-2565-40ab-badc-2d024a1cef7a",
    "version": 11,
    "weekStart": ""
  }