{
  "annotations": {
    "list": [
      {
        "builtIn": 1,
        "datasource": {
          "type": "grafana",
          "uid": "-- Grafana --"
        },
        "enable": true,
        "hide": true,
        "iconColor": "rgba(0, 211, 255, 1)",
        "name": "Annotations & Alerts",
        "target": {
          "limit": 100,
          "matchAny": false,
          "tags": [],
          "type": "dashboard"
        },
        "type": "dashboard"
      },
      {
        "datasource": {
          "type": "prometheus",
          "uid": "${datasource}"
        },
        "enable": false,
        "expr": "count(sum(kube_pod_container_info{cluster=~\"$cluster\",pod=~\"$pods\",container!=\"istio-proxy\"})by(image))> 1",
        "hide": true,
        "iconColor": "blue",
        "name": "New Deploy",
        "titleFormat": "New Deployment"
      }
    ]
  },
  "editable": true,
  "fiscalYearStartMonth": 0,
  "graphTooltip": 0,
  "id": 3495,
  "links": [
    {
      "asDropdown": false,
      "icon": "external link",
      "includeVars": true,
      "keepTime": true,
      "tags": [
        "type=APM"
      ],
      "targetBlank": false,
      "title": "New link",
      "tooltip": "",
      "type": "dashboards",
      "url": ""
    }
  ],
  "liveNow": false,
  "panels": [
    {
      "datasource": {
        "type": "prometheus",
        "uid": "${datasource}"
      },
      "gridPos": {
        "h": 1,
        "w": 24,
        "x": 0,
        "y": 0
      },
      "id": 219,
      "options": {
        "analyticsOptions": {
          "dashboard": "$__dashboard",
          "flatten": false,
          "heartbeatAlways": false,
          "heartbeatInterval": 60,
          "postEnd": false,
          "postHeartbeat": false,
          "postStart": true,
          "server": "https://grafana-analytics.growwinfra.in/write",
          "showDetails": false
        }
      },
      "targets": [
        {
          "datasource": {
            "type": "prometheus",
            "uid": "${datasource}"
          },
          "expr": "",
          "instant": false,
          "range": true,
          "refId": "A"
        }
      ],
      "transparent": true,
      "type": "macropower-analytics-panel"
    },
    {
      "datasource": {
        "type": "prometheus",
        "uid": "${datasource}"
      },
      "fieldConfig": {
        "defaults": {
          "color": {
            "mode": "thresholds"
          },
          "mappings": [],
          "thresholds": {
            "mode": "absolute",
            "steps": [
              {
                "color": "green",
                "value": null
              },
              {
                "color": "red",
                "value": 80
              }
            ]
          },
          "unit": "short"
        },
        "overrides": [
          {
            "matcher": {
              "id": "byName",
              "options": "blocked"
            },
            "properties": [
              {
                "id": "color",
                "value": {
                  "fixedColor": "#bf1b00",
                  "mode": "fixed"
                }
              }
            ]
          },
          {
            "matcher": {
              "id": "byName",
              "options": "new"
            },
            "properties": [
              {
                "id": "color",
                "value": {
                  "fixedColor": "#fce2de",
                  "mode": "fixed"
                }
              }
            ]
          },
          {
            "matcher": {
              "id": "byName",
              "options": "runnable"
            },
            "properties": [
              {
                "id": "color",
                "value": {
                  "fixedColor": "#7eb26d",
                  "mode": "fixed"
                }
              }
            ]
          },
          {
            "matcher": {
              "id": "byName",
              "options": "terminated"
            },
            "properties": [
              {
                "id": "color",
                "value": {
                  "fixedColor": "#511749",
                  "mode": "fixed"
                }
              }
            ]
          },
          {
            "matcher": {
              "id": "byName",
              "options": "timed-waiting"
            },
            "properties": [
              {
                "id": "color",
                "value": {
                  "fixedColor": "#c15c17",
                  "mode": "fixed"
                }
              }
            ]
          },
          {
            "matcher": {
              "id": "byName",
              "options": "waiting"
            },
            "properties": [
              {
                "id": "color",
                "value": {
                  "fixedColor": "#eab839",
                  "mode": "fixed"
                }
              }
            ]
          }
        ]
      },
      "gridPos": {
        "h": 7,
        "w": 6,
        "x": 0,
        "y": 1
      },
      "id": 220,
      "options": {
        "displayMode": "gradient",
        "maxVizHeight": 300,
        "minVizHeight": 10,
        "minVizWidth": 0,
        "namePlacement": "top",
        "orientation": "horizontal",
        "reduceOptions": {
          "calcs": [
            "lastNotNull"
          ],
          "fields": "",
          "values": false
        },
        "showUnfilled": true,
        "sizing": "auto",
        "valueMode": "color"
      },
      "pluginVersion": "10.4.2",
      "targets": [
        {
          "datasource": {
            "type": "prometheus",
            "uid": "${datasource}"
          },
          "editorMode": "code",
          "exemplar": true,
          "expr": "sum(jvm_threads_states{cluster=~\"$cluster\",service=~\"$service\", pod=~\"$pods\"}) by (state,service)",
          "format": "time_series",
          "interval": "",
          "intervalFactor": 2,
          "legendFormat": "{{state}}",
          "range": true,
          "refId": "A"
        }
      ],
      "title": "Thread States",
      "type": "bargauge"
    },
    {
      "datasource": {
        "type": "prometheus",
        "uid": "${datasource}"
      },
      "fieldConfig": {
        "defaults": {
          "color": {
            "mode": "palette-classic"
          },
          "custom": {
            "axisBorderShow": false,
            "axisCenteredZero": false,
            "axisColorMode": "text",
            "axisLabel": "",
            "axisPlacement": "auto",
            "barAlignment": 0,
            "drawStyle": "line",
            "fillOpacity": 10,
            "gradientMode": "none",
            "hideFrom": {
              "legend": false,
              "tooltip": false,
              "viz": false
            },
            "insertNulls": false,
            "lineInterpolation": "linear",
            "lineWidth": 1,
            "pointSize": 5,
            "scaleDistribution": {
              "type": "linear"
            },
            "showPoints": "never",
            "spanNulls": false,
            "stacking": {
              "group": "A",
              "mode": "none"
            },
            "thresholdsStyle": {
              "mode": "off"
            }
          },
          "decimals": 1,
          "mappings": [],
          "min": 0,
          "thresholds": {
            "mode": "absolute",
            "steps": [
              {
                "color": "green",
                "value": null
              },
              {
                "color": "red",
                "value": 80
              }
            ]
          },
          "unit": "short"
        },
        "overrides": []
      },
      "gridPos": {
        "h": 7,
        "w": 6,
        "x": 6,
        "y": 1
      },
      "id": 57,
      "options": {
        "legend": {
          "calcs": [
            "lastNotNull",
            "max"
          ],
          "displayMode": "list",
          "placement": "bottom",
          "showLegend": false
        },
        "tooltip": {
          "mode": "single",
          "sort": "none"
        }
      },
      "pluginVersion": "10.2.1",
      "targets": [
        {
          "datasource": {
            "type": "prometheus",
            "uid": "${datasource}"
          },
          "editorMode": "code",
          "exemplar": true,
          "expr": "sum(process_runtime_jvm_system_cpu_load_1m{cluster=~\"$cluster\",service=~\"$service\", pod=~\"$pods\"}) ",
          "format": "time_series",
          "interval": "",
          "intervalFactor": 2,
          "legendFormat": "system-1m",
          "metric": "",
          "range": true,
          "refId": "A",
          "step": 2400
        },
        {
          "datasource": {
            "type": "prometheus",
            "uid": "${datasource}"
          },
          "editorMode": "code",
          "exemplar": true,
          "expr": "sum(system_cpu_count{cluster=~\"$cluster\",service=~\"$service\", pod=~\"$pods\"})",
          "format": "time_series",
          "hide": true,
          "interval": "",
          "intervalFactor": 2,
          "legendFormat": "cpus",
          "range": true,
          "refId": "B"
        }
      ],
      "title": "Load",
      "type": "timeseries"
    },
    {
      "datasource": {
        "type": "prometheus",
        "uid": "${datasource}"
      },
      "fieldConfig": {
        "defaults": {
          "color": {
            "mode": "palette-classic"
          },
          "custom": {
            "axisBorderShow": false,
            "axisCenteredZero": false,
            "axisColorMode": "text",
            "axisLabel": "",
            "axisPlacement": "auto",
            "barAlignment": 0,
            "drawStyle": "line",
            "fillOpacity": 10,
            "gradientMode": "none",
            "hideFrom": {
              "legend": false,
              "tooltip": false,
              "viz": false
            },
            "insertNulls": false,
            "lineInterpolation": "linear",
            "lineWidth": 1,
            "pointSize": 5,
            "scaleDistribution": {
              "type": "linear"
            },
            "showPoints": "never",
            "spanNulls": false,
            "stacking": {
              "group": "A",
              "mode": "none"
            },
            "thresholdsStyle": {
              "mode": "off"
            }
          },
          "decimals": 0,
          "mappings": [],
          "min": 0,
          "thresholds": {
            "mode": "absolute",
            "steps": [
              {
                "color": "green",
                "value": null
              },
              {
                "color": "red",
                "value": 80
              }
            ]
          },
          "unit": "short"
        },
        "overrides": []
      },
      "gridPos": {
        "h": 7,
        "w": 6,
        "x": 12,
        "y": 1
      },
      "id": 59,
      "options": {
        "legend": {
          "calcs": [
            "lastNotNull",
            "max"
          ],
          "displayMode": "list",
          "placement": "bottom",
          "showLegend": true
        },
        "tooltip": {
          "mode": "multi",
          "sort": "none"
        }
      },
      "pluginVersion": "10.4.2",
      "targets": [
        {
          "datasource": {
            "type": "prometheus",
            "uid": "${datasource}"
          },
          "editorMode": "code",
          "exemplar": true,
          "expr": "sum(jvm_threads_live{cluster=~\"$cluster\",service=~\"$service\", pod=~\"$pods\"})",
          "format": "time_series",
          "hide": true,
          "interval": "",
          "intervalFactor": 2,
          "legendFormat": "live",
          "metric": "",
          "range": true,
          "refId": "A",
          "step": 2400
        },
        {
          "datasource": {
            "type": "prometheus",
            "uid": "${datasource}"
          },
          "editorMode": "code",
          "exemplar": true,
          "expr": "sum(jvm_threads_daemon{cluster=~\"$cluster\",service=~\"$service\", pod=~\"$pods\"})",
          "format": "time_series",
          "hide": true,
          "interval": "",
          "intervalFactor": 2,
          "legendFormat": "daemon",
          "metric": "",
          "range": true,
          "refId": "B",
          "step": 2400
        },
        {
          "datasource": {
            "type": "prometheus",
            "uid": "${datasource}"
          },
          "editorMode": "code",
          "exemplar": true,
          "expr": "sum(jvm_threads_peak{cluster=~\"$cluster\",service=~\"$service\", pod=~\"$pods\"})",
          "format": "time_series",
          "hide": true,
          "interval": "",
          "intervalFactor": 2,
          "legendFormat": "peak",
          "range": true,
          "refId": "C",
          "step": 2400
        },
        {
          "datasource": {
            "type": "prometheus",
            "uid": "${datasource}"
          },
          "editorMode": "code",
          "expr": "sum(process{cluster=~\"$cluster\",service=~\"$service\", pod=~\"$pods\"})",
          "format": "time_series",
          "hide": true,
          "interval": "",
          "intervalFactor": 2,
          "legendFormat": "process",
          "range": true,
          "refId": "D",
          "step": 2400
        },
        {
          "datasource": {
            "type": "prometheus",
            "uid": "${datasource}"
          },
          "editorMode": "code",
          "expr": "sum(process_runtime_jvm_threads_count{cluster=~\"$cluster\",service=~\"$service\", pod=~\"$pods\",daemon=\"false\"})",
          "hide": false,
          "legendFormat": "live",
          "range": true,
          "refId": "E"
        },
        {
          "datasource": {
            "type": "prometheus",
            "uid": "${datasource}"
          },
          "editorMode": "code",
          "expr": "sum(process_runtime_jvm_threads_count{cluster=~\"$cluster\",service=~\"$service\", pod=~\"$pods\",daemon=\"true\"})",
          "hide": false,
          "legendFormat": "daemon",
          "range": true,
          "refId": "F"
        }
      ],
      "title": "Threads",
      "type": "timeseries"
    },
    {
      "datasource": {
        "type": "prometheus",
        "uid": "${datasource}"
      },
      "fieldConfig": {
        "defaults": {
          "color": {
            "mode": "palette-classic"
          },
          "custom": {
            "axisBorderShow": false,
            "axisCenteredZero": false,
            "axisColorMode": "text",
            "axisLabel": "",
            "axisPlacement": "auto",
            "barAlignment": 0,
            "drawStyle": "line",
            "fillOpacity": 10,
            "gradientMode": "none",
            "hideFrom": {
              "legend": false,
              "tooltip": false,
              "viz": false
            },
            "insertNulls": false,
            "lineInterpolation": "linear",
            "lineWidth": 1,
            "pointSize": 5,
            "scaleDistribution": {
              "log": 10,
              "type": "log"
            },
            "showPoints": "never",
            "spanNulls": false,
            "stacking": {
              "group": "A",
              "mode": "none"
            },
            "thresholdsStyle": {
              "mode": "off"
            }
          },
          "decimals": 0,
          "mappings": [],
          "min": 0,
          "thresholds": {
            "mode": "absolute",
            "steps": [
              {
                "color": "green",
                "value": null
              },
              {
                "color": "red",
                "value": 80
              }
            ]
          },
          "unit": "short"
        },
        "overrides": []
      },
      "gridPos": {
        "h": 7,
        "w": 6,
        "x": 18,
        "y": 1
      },
      "id": 63,
      "options": {
        "legend": {
          "calcs": [
            "lastNotNull",
            "max"
          ],
          "displayMode": "list",
          "placement": "bottom",
          "showLegend": false
        },
        "tooltip": {
          "mode": "single",
          "sort": "none"
        }
      },
      "pluginVersion": "10.2.1",
      "targets": [
        {
          "datasource": {
            "type": "prometheus",
            "uid": "${datasource}"
          },
          "editorMode": "code",
          "exemplar": true,
          "expr": "sum(process_files_open{cluster=~\"$cluster\",service=~\"$service\", pod=~\"$pods\"})",
          "format": "time_series",
          "hide": false,
          "interval": "",
          "intervalFactor": 2,
          "legendFormat": "open",
          "metric": "",
          "range": true,
          "refId": "A",
          "step": 2400
        },
        {
          "datasource": {
            "type": "prometheus",
            "uid": "${datasource}"
          },
          "editorMode": "code",
          "exemplar": true,
          "expr": "sum(process_files_max{cluster=~\"$cluster\",service=~\"$service\", pod=~\"$pods\"})",
          "format": "time_series",
          "hide": false,
          "interval": "",
          "intervalFactor": 2,
          "legendFormat": "max",
          "metric": "",
          "range": true,
          "refId": "B",
          "step": 2400
        }
      ],
      "title": "File Descriptors",
      "type": "timeseries"
    },
    {
      "datasource": {
        "type": "prometheus",
        "uid": "${datasource}"
      },
      "fieldConfig": {
        "defaults": {
          "color": {
            "mode": "palette-classic"
          },
          "custom": {
            "axisBorderShow": false,
            "axisCenteredZero": false,
            "axisColorMode": "text",
            "axisGridShow": false,
            "axisLabel": "",
            "axisPlacement": "auto",
            "barAlignment": 0,
            "drawStyle": "line",
            "fillOpacity": 10,
            "gradientMode": "none",
            "hideFrom": {
              "legend": false,
              "tooltip": false,
              "viz": false
            },
            "insertNulls": false,
            "lineInterpolation": "linear",
            "lineWidth": 1,
            "pointSize": 5,
            "scaleDistribution": {
              "type": "linear"
            },
            "showPoints": "never",
            "spanNulls": false,
            "stacking": {
              "group": "A",
              "mode": "none"
            },
            "thresholdsStyle": {
              "mode": "off"
            }
          },
          "mappings": [],
          "thresholds": {
            "mode": "absolute",
            "steps": [
              {
                "color": "green",
                "value": null
              },
              {
                "color": "red",
                "value": 80
              }
            ]
          },
          "unit": "short"
        },
        "overrides": [
          {
            "matcher": {
              "id": "byName",
              "options": "blocked"
            },
            "properties": [
              {
                "id": "color",
                "value": {
                  "fixedColor": "#bf1b00",
                  "mode": "fixed"
                }
              }
            ]
          },
          {
            "matcher": {
              "id": "byName",
              "options": "new"
            },
            "properties": [
              {
                "id": "color",
                "value": {
                  "fixedColor": "#fce2de",
                  "mode": "fixed"
                }
              }
            ]
          },
          {
            "matcher": {
              "id": "byName",
              "options": "runnable"
            },
            "properties": [
              {
                "id": "color",
                "value": {
                  "fixedColor": "#7eb26d",
                  "mode": "fixed"
                }
              }
            ]
          },
          {
            "matcher": {
              "id": "byName",
              "options": "terminated"
            },
            "properties": [
              {
                "id": "color",
                "value": {
                  "fixedColor": "#511749",
                  "mode": "fixed"
                }
              }
            ]
          },
          {
            "matcher": {
              "id": "byName",
              "options": "timed-waiting"
            },
            "properties": [
              {
                "id": "color",
                "value": {
                  "fixedColor": "#c15c17",
                  "mode": "fixed"
                }
              }
            ]
          },
          {
            "matcher": {
              "id": "byName",
              "options": "waiting"
            },
            "properties": [
              {
                "id": "color",
                "value": {
                  "fixedColor": "#eab839",
                  "mode": "fixed"
                }
              }
            ]
          }
        ]
      },
      "gridPos": {
        "h": 7,
        "w": 6,
        "x": 0,
        "y": 8
      },
      "id": 61,
      "options": {
        "legend": {
          "calcs": [],
          "displayMode": "list",
          "placement": "bottom",
          "showLegend": false
        },
        "tooltip": {
          "mode": "single",
          "sort": "none"
        }
      },
      "pluginVersion": "10.2.1",
      "targets": [
        {
          "datasource": {
            "type": "prometheus",
            "uid": "${datasource}"
          },
          "editorMode": "code",
          "exemplar": true,
          "expr": "sum(jvm_threads_states{cluster=~\"$cluster\",service=~\"$service\", pod=~\"$pods\"}) by (state,service)",
          "format": "time_series",
          "interval": "",
          "intervalFactor": 2,
          "legendFormat": "{{state}}",
          "range": true,
          "refId": "A"
        }
      ],
      "title": "Thread States",
      "type": "timeseries"
    }
  ],
  "refresh": "",
  "revision": 1,
  "schemaVersion": 39,
  "tags": [
    "significance=high",
    "managed-by=observability",
    "type=APM"
  ],
  "templating": {
    "list": [
      {
        "current": {
          "selected": false,
          "text": "prod",
          "value": "prod"
        },
        "description": "",
        "hide": 0,
        "includeAll": false,
        "label": "Env",
        "multi": false,
        "name": "env",
        "options": [
          {
            "selected": true,
            "text": "prod",
            "value": "prod"
          },
          {
            "selected": false,
            "text": "release",
            "value": "release"
          }
        ],
        "query": "prod, release",
        "queryValue": "",
        "skipUrlSync": false,
        "type": "custom"
      },
      {
        "current": {
          "selected": false,
          "text": [
            "sbs"
          ],
          "value": [
            "sbs"
          ]
        },
        "datasource": {
          "type": "prometheus",
          "uid": "f99a1487-a4ab-4be7-beca-76d2ff06dd94"
        },
        "definition": "label_values(kube_pod_labels{cluster=\"$cluster\"},label_subpod)",
        "hide": 0,
        "includeAll": false,
        "label": "Teams",
        "multi": true,
        "name": "teams",
        "options": [],
        "query": {
          "qryType": 1,
          "query": "label_values(kube_pod_labels{cluster=\"$cluster\"},label_subpod)",
          "refId": "PrometheusVariableQueryEditor-VariableQuery"
        },
        "refresh": 1,
        "regex": "",
        "skipUrlSync": false,
        "sort": 1,
        "type": "query"
      },
      {
        "current": {
          "selected": false,
          "text": "Metrics-invest(Prod&Release)",
          "value": "f99a1487-a4ab-4be7-beca-76d2ff06dd94"
        },
        "hide": 2,
        "includeAll": false,
        "multi": false,
        "name": "datasource",
        "options": [],
        "query": "prometheus",
        "queryValue": "",
        "refresh": 1,
        "regex": "",
        "skipUrlSync": false,
        "type": "datasource"
      },
      {
        "current": {
          "selected": false,
          "text": "prod-app-cluster",
          "value": "prod-app-cluster"
        },
        "datasource": {
          "type": "prometheus",
          "uid": "${datasource}"
        },
        "definition": "label_values(otel_scope_info{env=\"$env\", cluster!~\".*loadtest.*\"},cluster)",
        "hide": 2,
        "includeAll": false,
        "multi": false,
        "name": "cluster",
        "options": [],
        "query": {
          "qryType": 1,
          "query": "label_values(otel_scope_info{env=\"$env\", cluster!~\".*loadtest.*\"},cluster)",
          "refId": "PrometheusVariableQueryEditor-VariableQuery"
        },
        "refresh": 2,
        "regex": "",
        "skipUrlSync": false,
        "sort": 0,
        "type": "query"
      },
      {
        "current": {
          "selected": false,
          "text": "stocks-portfolio-v2",
          "value": "stocks-portfolio-v2"
        },
        "datasource": {
          "type": "prometheus",
          "uid": "${datasource}"
        },
        "definition": "query_result(otel_scope_info{cluster=~\"$cluster\"} * on (pod) group_left(label_subpod) kube_pod_labels{cluster=\"$cluster\" ,label_subpod=~\"$teams\"})",
        "hide": 0,
        "includeAll": false,
        "multi": false,
        "name": "service",
        "options": [],
        "query": {
          "qryType": 3,
          "query": "query_result(otel_scope_info{cluster=~\"$cluster\"} * on (pod) group_left(label_subpod) kube_pod_labels{cluster=\"$cluster\" ,label_subpod=~\"$teams\"})",
          "refId": "PrometheusVariableQueryEditor-VariableQuery"
        },
        "refresh": 2,
        "regex": "/service=\"(?<value>[^\"]+)\"/",
        "skipUrlSync": false,
        "sort": 0,
        "type": "query"
      },
      {
        "current": {
          "selected": true,
          "text": [
            "All"
          ],
          "value": [
            "$__all"
          ]
        },
        "datasource": {
          "type": "prometheus",
          "uid": "${datasource}"
        },
        "definition": "label_values(otel_scope_info{cluster=\"$cluster\",service=~\"$service\"},pod)",
        "hide": 0,
        "includeAll": true,
        "multi": true,
        "name": "pods",
        "options": [],
        "query": {
          "query": "label_values(otel_scope_info{cluster=\"$cluster\",service=~\"$service\"},pod)",
          "refId": "PrometheusVariableQueryEditor-VariableQuery"
        },
        "refresh": 2,
        "regex": "",
        "skipUrlSync": false,
        "sort": 0,
        "type": "query"
      },
      {
        "current": {
          "selected": false,
          "text": "All",
          "value": "$__all"
        },
        "datasource": {
          "type": "prometheus",
          "uid": "${datasource}"
        },
        "definition": "query_result(process_runtime_jvm_memory_usage_bytes{cluster=~\"$cluster\",service=~\"$service\", type=~\"heap\"}  or process_runtime_jvm_memory_usage{cluster=~\"$cluster\",service=~\"$service\", type=~\"heap\"} )",
        "hide": 2,
        "includeAll": true,
        "multi": false,
        "name": "jvm_memory_pool_heap",
        "options": [],
        "query": {
          "query": "query_result(process_runtime_jvm_memory_usage_bytes{cluster=~\"$cluster\",service=~\"$service\", type=~\"heap\"}  or process_runtime_jvm_memory_usage{cluster=~\"$cluster\",service=~\"$service\", type=~\"heap\"} )",
          "refId": "PrometheusVariableQueryEditor-VariableQuery"
        },
        "refresh": 2,
        "regex": "/pool=\"(?<value>[^\"]+)\"/",
        "skipUrlSync": false,
        "sort": 0,
        "type": "query"
      },
      {
        "current": {
          "selected": false,
          "text": "All",
          "value": "$__all"
        },
        "datasource": {
          "type": "prometheus",
          "uid": "${datasource}"
        },
        "definition": "query_result(process_runtime_jvm_memory_usage{cluster=~\"$cluster\",service=~\"$service\", type=~\"non_heap\"} or process_runtime_jvm_memory_usage_bytes{cluster=~\"$cluster\",service=~\"$service\", type=~\"non_heap\"})",
        "hide": 2,
        "includeAll": true,
        "multi": false,
        "name": "jvm_memory_pool_nonheap",
        "options": [],
        "query": {
          "query": "query_result(process_runtime_jvm_memory_usage{cluster=~\"$cluster\",service=~\"$service\", type=~\"non_heap\"} or process_runtime_jvm_memory_usage_bytes{cluster=~\"$cluster\",service=~\"$service\", type=~\"non_heap\"})",
          "refId": "PrometheusVariableQueryEditor-VariableQuery"
        },
        "refresh": 2,
        "regex": "/pool=\"(?<value>[^\"]+)\"/",
        "skipUrlSync": false,
        "sort": 0,
        "type": "query"
      },
      {
        "current": {
          "selected": false,
          "text": "show",
          "value": "or"
        },
        "hide": 2,
        "includeAll": false,
        "multi": false,
        "name": "enable_compare",
        "options": [
          {
            "selected": false,
            "text": "hide",
            "value": "and"
          },
          {
            "selected": true,
            "text": "show",
            "value": "or"
          }
        ],
        "query": "hide : and, show : or",
        "queryValue": "",
        "skipUrlSync": false,
        "type": "custom"
      },
      {
        "current": {
          "selected": false,
          "text": "1d",
          "value": "1d"
        },
        "hide": 2,
        "includeAll": false,
        "multi": false,
        "name": "compare_with",
        "options": [
          {
            "selected": true,
            "text": "1d",
            "value": "1d"
          },
          {
            "selected": false,
            "text": "2d",
            "value": "2d"
          },
          {
            "selected": false,
            "text": "3d",
            "value": "3d"
          },
          {
            "selected": false,
            "text": "4d",
            "value": "4d"
          },
          {
            "selected": false,
            "text": "5d",
            "value": "5d"
          },
          {
            "selected": false,
            "text": "6d",
            "value": "6d"
          },
          {
            "selected": false,
            "text": "7d",
            "value": "7d"
          }
        ],
        "query": "1d,2d,3d,4d,5d,6d,7d",
        "queryValue": "",
        "skipUrlSync": false,
        "type": "custom"
      },
      {
        "current": {
          "selected": false,
          "text": "None",
          "value": ""
        },
        "datasource": {
          "type": "prometheus",
          "uid": "${datasource}"
        },
        "definition": "label_values(http_server_duration_sum{cluster=\"$cluster\",service=~\"$service\"},namespace)",
        "hide": 2,
        "includeAll": false,
        "multi": false,
        "name": "namespace",
        "options": [],
        "query": {
          "query": "label_values(http_server_duration_sum{cluster=\"$cluster\",service=~\"$service\"},namespace)",
          "refId": "StandardVariableQuery"
        },
        "refresh": 1,
        "regex": "",
        "skipUrlSync": false,
        "sort": 0,
        "type": "query"
      },
      {
        "current": {
          "selected": true,
          "text": [
            "All"
          ],
          "value": [
            "$__all"
          ]
        },
        "datasource": {
          "type": "prometheus",
          "uid": "${datasource}"
        },
        "definition": "label_values(kafka_consumer_assigned_partitions{cluster=\"$cluster\",service=~\"$service\"},client_id)",
        "hide": 0,
        "includeAll": true,
        "multi": true,
        "name": "consumerGroup",
        "options": [],
        "query": {
          "query": "label_values(kafka_consumer_assigned_partitions{cluster=\"$cluster\",service=~\"$service\"},client_id)",
          "refId": "PrometheusVariableQueryEditor-VariableQuery"
        },
        "refresh": 1,
        "regex": "",
        "skipUrlSync": false,
        "sort": 0,
        "type": "query"
      }
    ]
  },
  "time": {
    "from": "now-30m",
    "to": "now"
  },
  "timepicker": {},
  "timezone": "",
  "title": "Threads",
  "uid": "i3C4_UFVr",
  "version": 10,
  "weekStart": ""
}